time,status,attention,faces,yawns
2025-12-21T18:40:35.948241,Not Present ‚ùå,0,0,0
2025-12-21T18:40:35.972705,Active,100,1,0
2025-12-21T18:40:35.983705,Active,100,1,0
2025-12-21T18:40:36.000694,Active,100,1,0
2025-12-21T18:40:36.015789,Active,100,1,0
2025-12-21T18:40:36.034035,Active,100,1,0
2025-12-21T18:40:36.044523,Active,100,1,0
2025-12-21T18:40:36.085717,Active,100,1,0
2025-12-21T18:40:36.121404,Active,100,1,0
2025-12-21T18:40:36.174045,Active,100,1,0
2025-12-21T18:40:36.196211,Active,100,1,0
2025-12-21T18:40:36.217010,Active,100,1,0
2025-12-21T18:40:36.247689,Active,100,1,0
2025-12-21T18:40:36.281336,Active,100,1,0
2025-12-21T18:40:36.329725,Active,100,1,0
2025-12-21T18:40:36.363401,Active,100,1,0
2025-12-21T18:40:36.395122,Active,100,1,0
2025-12-21T18:40:36.410223,Active,100,1,0
2025-12-21T18:40:36.453210,Active,100,1,0
2025-12-21T18:40:36.475714,Active,100,1,0
2025-12-21T18:40:36.510801,Active,100,1,0
2025-12-21T18:40:36.543693,Active,100,1,0
2025-12-21T18:40:36.601347,Active,100,1,0
2025-12-21T18:40:36.631459,Active,100,1,0
2025-12-21T18:40:36.662646,Active,100,1,0
2025-12-21T18:40:36.696682,Active,100,1,0
2025-12-21T18:40:36.726125,Active,100,1,0
2025-12-21T18:40:36.761918,Active,100,1,0
2025-12-21T18:40:36.795261,Active,100,1,0
2025-12-21T18:40:36.828172,Active,100,1,0
2025-12-21T18:40:36.844791,Active,100,1,0
2025-12-21T18:40:36.889506,Active,100,1,0
2025-12-21T18:40:36.910179,Active,100,1,0
2025-12-21T18:40:36.959722,Active,100,1,0
2025-12-21T18:40:37.037796,Active,100,1,0
2025-12-21T18:40:37.059288,Active,100,1,0
2025-12-21T18:40:37.092751,Active,100,1,0
2025-12-21T18:40:37.125911,Active,100,1,0
2025-12-21T18:40:37.158306,Active,100,1,0
2025-12-21T18:40:37.192856,Active,100,1,0
2025-12-21T18:40:37.225903,Active,100,1,0
2025-12-21T18:40:37.259375,Active,100,1,0
2025-12-21T18:40:37.277208,Active,100,1,0
2025-12-21T18:40:37.306817,Active,100,1,0
2025-12-21T18:40:37.358910,Active,100,1,0
2025-12-21T18:40:37.392399,Active,100,1,0
2025-12-21T18:40:37.425948,Active,100,1,0
2025-12-21T18:40:37.451911,Active,100,1,0
2025-12-21T18:40:37.492848,Active,100,1,0
2025-12-21T18:40:37.525673,Active,100,1,0
2025-12-21T18:40:37.559245,Active,100,1,0
2025-12-21T18:40:37.593213,Active,100,1,0
2025-12-21T18:40:37.625185,Active,100,1,0
2025-12-21T18:40:37.645026,Active,100,1,0
2025-12-21T18:40:37.687585,Active,100,1,0
2025-12-21T18:40:37.738138,Active,100,1,0
2025-12-21T18:40:37.768020,Active,100,1,0
2025-12-21T18:40:37.818737,Active,100,1,0
2025-12-21T18:40:37.853756,Active,100,1,0
2025-12-21T18:40:37.888568,Active,100,1,0
2025-12-21T18:40:37.906807,Active,100,1,0
2025-12-21T18:40:37.952043,Active,100,1,0
2025-12-21T18:40:37.974855,Active,100,1,0
2025-12-21T18:40:38.026988,Active,100,1,0
2025-12-21T18:40:38.046414,Active,100,1,0
2025-12-21T18:40:38.096673,Active,100,1,0
2025-12-21T18:40:38.115702,Active,100,1,0
2025-12-21T18:40:38.163150,Active,100,1,0
2025-12-21T18:40:38.199932,Active,100,1,0
2025-12-21T18:40:38.229924,Active,100,1,0
2025-12-21T18:40:38.253272,Active,100,1,0
2025-12-21T18:40:38.282479,Active,100,1,0
2025-12-21T18:40:38.306778,Active,100,1,0
2025-12-21T18:40:38.313874,Active,100,1,0
2025-12-21T18:40:38.343810,Active,100,1,0
2025-12-21T18:40:38.377975,Active,100,1,0
2025-12-21T18:40:38.412500,Active,100,1,0
2025-12-21T18:40:38.446124,Active,100,1,0
2025-12-21T18:40:38.491296,Active,100,1,0
2025-12-21T18:40:38.525376,Active,100,1,0
2025-12-21T18:40:38.572897,Active,100,1,0
2025-12-21T18:40:38.607122,Active,100,1,0
2025-12-21T18:40:38.614099,Active,100,1,0
2025-12-21T18:40:38.648067,Active,100,1,0
2025-12-21T18:40:38.694830,Active,100,1,0
2025-12-21T18:40:38.716560,Active,100,1,0
2025-12-21T18:40:38.765823,Active,100,1,0
2025-12-21T18:40:38.809822,Active,100,1,0
2025-12-21T18:40:38.839942,Active,100,1,0
2025-12-21T18:40:38.873679,Active,100,1,0
2025-12-21T18:40:38.907647,Active,100,1,0
2025-12-21T18:40:38.930700,Active,100,1,0
2025-12-21T18:40:38.966136,Active,100,1,0
2025-12-21T18:40:38.984681,Active,100,1,0
2025-12-21T18:40:39.035944,Active,100,1,0
2025-12-21T18:40:39.069648,Active,100,1,0
2025-12-21T18:40:39.088464,Active,100,1,0
2025-12-21T18:40:39.108227,Active,100,1,0
2025-12-21T18:40:39.143676,Active,100,1,0
2025-12-21T18:40:39.177702,Active,100,1,0
2025-12-21T18:40:39.242672,Active,100,1,0
2025-12-21T18:40:39.262037,Active,100,1,0
2025-12-21T18:40:39.308376,Active,100,1,0
2025-12-21T18:40:39.329810,Active,100,1,0
2025-12-21T18:40:39.363820,Active,100,1,0
2025-12-21T18:40:39.413222,Active,100,1,0
2025-12-21T18:40:39.447159,Active,100,1,0
2025-12-21T18:40:39.483160,Active,100,1,0
2025-12-21T18:40:39.505721,Active,100,1,0
2025-12-21T18:40:39.539672,Active,100,1,0
2025-12-21T18:40:39.576686,Active,100,1,0
2025-12-21T18:40:39.610899,Active,100,1,0
2025-12-21T18:40:39.642107,Active,100,1,0
2025-12-21T18:40:39.678253,Active,100,1,0
2025-12-21T18:40:39.709439,Active,100,1,0
2025-12-21T18:40:39.749431,Active,100,1,0
2025-12-21T18:40:39.771946,Active,100,1,0
2025-12-21T18:40:39.821421,Active,100,1,0
2025-12-21T18:40:39.855156,Active,100,1,0
2025-12-21T18:40:39.882895,Active,100,1,0
2025-12-21T18:40:39.914307,Active,100,1,0
2025-12-21T18:40:39.932199,Active,100,1,0
2025-12-21T18:40:39.963680,Active,100,1,0
2025-12-21T18:40:39.985840,Active,100,1,0
2025-12-21T18:40:40.024342,Not Present ‚ùå,100,0,0
2025-12-21T18:40:40.043705,Not Present ‚ùå,100,0,0
2025-12-21T18:40:40.087973,Not Present ‚ùå,100,0,0
2025-12-21T18:40:40.109782,Not Present ‚ùå,100,0,0
2025-12-21T18:40:40.155321,Active,99,1,0
2025-12-21T18:40:40.190884,Active,98,1,0
2025-12-21T18:40:40.214777,Not Present ‚ùå,98,0,0
2025-12-21T18:40:40.237406,Not Present ‚ùå,98,0,0
2025-12-21T18:40:40.286011,Not Present ‚ùå,98,0,0
2025-12-21T18:40:40.304544,Not Present ‚ùå,98,0,0
2025-12-21T18:40:40.319695,Not Present ‚ùå,98,0,0
2025-12-21T18:40:40.364602,Not Present ‚ùå,98,0,0
2025-12-21T18:40:40.425220,Not Present ‚ùå,98,0,0
2025-12-21T18:40:40.435870,Not Present ‚ùå,98,0,0
2025-12-21T18:40:40.489488,Not Present ‚ùå,98,0,0
2025-12-21T18:40:40.511402,Not Present ‚ùå,98,0,0
2025-12-21T18:40:40.552837,Not Present ‚ùå,98,0,0
2025-12-21T18:40:40.575528,Not Present ‚ùå,98,0,0
2025-12-21T18:40:40.623560,Not Present ‚ùå,98,0,0
2025-12-21T18:40:40.630154,Not Present ‚ùå,98,0,0
2025-12-21T18:40:40.698202,Not Present ‚ùå,98,0,0
2025-12-21T18:40:40.715844,Not Present ‚ùå,98,0,0
2025-12-21T18:40:40.734788,Not Present ‚ùå,98,0,0
2025-12-21T18:40:40.760074,Not Present ‚ùå,98,0,0
2025-12-21T18:40:40.826000,Not Present ‚ùå,98,0,0
2025-12-21T18:40:40.850448,Not Present ‚ùå,98,0,0
2025-12-21T18:40:40.886416,Not Present ‚ùå,98,0,0
2025-12-21T18:40:40.912424,Not Present ‚ùå,98,0,0
2025-12-21T18:40:40.952497,Not Present ‚ùå,98,0,0
2025-12-21T18:40:40.972075,Not Present ‚ùå,98,0,0
2025-12-21T18:40:41.023395,Not Present ‚ùå,98,0,0
2025-12-21T18:40:41.034267,Not Present ‚ùå,98,0,0
2025-12-21T18:40:41.053892,Not Present ‚ùå,98,0,0
2025-12-21T18:40:41.097372,Not Present ‚ùå,98,0,0
2025-12-21T18:40:41.116475,Not Present ‚ùå,98,0,0
2025-12-21T18:40:41.164893,Not Present ‚ùå,98,0,0
2025-12-21T18:40:41.224761,Not Present ‚ùå,98,0,0
2025-12-21T18:40:41.246093,Not Present ‚ùå,98,0,0
2025-12-21T18:40:41.298917,Not Present ‚ùå,98,0,0
2025-12-21T18:40:41.317420,Not Present ‚ùå,98,0,0
2025-12-21T18:40:41.353713,Not Present ‚ùå,98,0,0
2025-12-21T18:40:41.372700,Not Present ‚ùå,98,0,0
2025-12-21T18:40:41.416623,Not Present ‚ùå,98,0,0
2025-12-21T18:40:41.435473,Not Present ‚ùå,98,0,0
2025-12-21T18:40:41.454314,Not Present ‚ùå,98,0,0
2025-12-21T18:40:41.503454,Not Present ‚ùå,98,0,0
2025-12-21T18:40:41.513758,Not Present ‚ùå,98,0,0
2025-12-21T18:40:41.564891,Not Present ‚ùå,98,0,0
2025-12-21T18:40:41.624128,Not Present ‚ùå,98,0,0
2025-12-21T18:40:41.642983,Not Present ‚ùå,98,0,0
2025-12-21T18:40:41.695422,Not Present ‚ùå,98,0,0
2025-12-21T18:40:41.714921,Not Present ‚ùå,98,0,0
2025-12-21T18:40:41.755131,Not Present ‚ùå,98,0,0
2025-12-21T18:40:41.773762,Not Present ‚ùå,98,0,0
2025-12-21T18:40:41.791976,Not Present ‚ùå,98,0,0
2025-12-21T18:40:41.833088,Not Present ‚ùå,98,0,0
2025-12-21T18:40:41.852690,Not Present ‚ùå,98,0,0
2025-12-21T18:40:41.895446,Not Present ‚ùå,98,0,0
2025-12-21T18:40:41.915730,Not Present ‚ùå,98,0,0
2025-12-21T18:40:41.960234,Not Present ‚ùå,98,0,0
2025-12-21T18:40:42.026831,Not Present ‚ùå,98,0,0
2025-12-21T18:40:42.043894,Not Present ‚ùå,98,0,0
2025-12-21T18:40:42.094395,Not Present ‚ùå,98,0,0
2025-12-21T18:40:42.107117,Not Present ‚ùå,98,0,0
2025-12-21T18:40:42.153353,Not Present ‚ùå,98,0,0
2025-12-21T18:40:42.178777,Not Present ‚ùå,98,0,0
2025-12-21T18:40:42.191585,Not Present ‚ùå,98,0,0
2025-12-21T18:40:42.234483,Not Present ‚ùå,98,0,0
2025-12-21T18:40:42.251223,Not Present ‚ùå,98,0,0
2025-12-21T18:40:42.296342,Not Present ‚ùå,98,0,0
2025-12-21T18:40:42.307586,Not Present ‚ùå,98,0,0
2025-12-21T18:40:42.372496,Not Present ‚ùå,98,0,0
2025-12-21T18:40:42.423704,Not Present ‚ùå,98,0,0
2025-12-21T18:40:42.443936,Not Present ‚ùå,98,0,0
2025-12-21T18:40:42.490321,Not Present ‚ùå,98,0,0
2025-12-21T18:40:42.514018,Not Present ‚ùå,98,0,0
2025-12-21T18:40:42.551434,Not Present ‚ùå,98,0,0
2025-12-21T18:40:42.569795,Not Present ‚ùå,98,0,0
2025-12-21T18:40:42.589758,Not Present ‚ùå,98,0,0
2025-12-21T18:40:42.638846,Not Present ‚ùå,98,0,0
2025-12-21T18:40:42.653440,Not Present ‚ùå,98,0,0
2025-12-21T18:40:42.698670,Not Present ‚ùå,98,0,0
2025-12-21T18:40:42.718530,Not Present ‚ùå,98,0,0
2025-12-21T18:40:42.759428,Not Present ‚ùå,98,0,0
2025-12-21T18:40:42.826292,Not Present ‚ùå,98,0,0
2025-12-21T18:40:42.844354,Not Present ‚ùå,98,0,0
2025-12-21T18:40:42.897106,Not Present ‚ùå,98,0,0
2025-12-21T18:40:42.903106,Not Present ‚ùå,98,0,0
2025-12-21T18:40:42.918565,Not Present ‚ùå,98,0,0
2025-12-21T18:40:42.969533,Not Present ‚ùå,98,0,0
2025-12-21T18:40:42.988676,Not Present ‚ùå,98,0,0
2025-12-21T18:40:43.037115,Not Present ‚ùå,98,0,0
2025-12-21T18:40:43.052750,Not Present ‚ùå,98,0,0
2025-12-21T18:40:43.097297,Not Present ‚ùå,98,0,0
2025-12-21T18:40:43.119337,Not Present ‚ùå,98,0,0
2025-12-21T18:40:43.168261,Not Present ‚ùå,98,0,0
2025-12-21T18:40:43.230478,Not Present ‚ùå,98,0,0
2025-12-21T18:40:43.244480,Not Present ‚ùå,98,0,0
2025-12-21T18:40:43.288656,Not Present ‚ùå,98,0,0
2025-12-21T18:40:43.308904,Not Present ‚ùå,98,0,0
2025-12-21T18:40:43.328038,Not Present ‚ùå,98,0,0
2025-12-21T18:40:43.371455,Not Present ‚ùå,98,0,0
2025-12-21T18:40:43.390595,Not Present ‚ùå,98,0,0
2025-12-21T18:40:43.432044,Not Present ‚ùå,98,0,0
2025-12-21T18:40:43.443456,Not Present ‚ùå,98,0,0
2025-12-21T18:40:43.500267,Not Present ‚ùå,98,0,0
2025-12-21T18:40:43.512726,Not Present ‚ùå,98,0,0
2025-12-21T18:40:43.565483,Not Present ‚ùå,98,0,0
2025-12-21T18:40:43.627325,Not Present ‚ùå,98,0,0
2025-12-21T18:40:43.646675,Not Present ‚ùå,98,0,0
2025-12-21T18:40:43.706455,Not Present ‚ùå,98,0,0
2025-12-21T18:40:43.728062,Not Present ‚ùå,98,0,0
2025-12-21T18:40:43.741679,Not Present ‚ùå,98,0,0
2025-12-21T18:40:43.769119,Not Present ‚ùå,98,0,0
2025-12-21T18:40:43.786835,Not Present ‚ùå,98,0,0
2025-12-21T18:40:43.850131,Active,98,1,0
2025-12-21T18:40:43.884258,Active,98,1,0
2025-12-21T18:40:43.919250,Active,98,1,0
2025-12-21T18:40:43.936809,Active,98,1,0
2025-12-21T18:40:43.987632,Active,98,1,0
2025-12-21T18:40:44.042450,Active,98,1,0
2025-12-21T18:40:44.061750,Active,98,1,0
2025-12-21T18:40:44.112783,Active,98,1,0
2025-12-21T18:40:44.142300,Active,98,1,0
2025-12-21T18:40:44.166621,Active,98,1,0
2025-12-21T18:40:44.196121,Active,98,1,0
2025-12-21T18:40:44.202445,Active,98,1,0
2025-12-21T18:40:44.249268,Active,98,1,0
2025-12-21T18:40:44.288274,Active,98,1,0
2025-12-21T18:40:44.326927,Active,98,1,0
2025-12-21T18:40:44.344515,Active,98,1,0
2025-12-21T18:40:44.379536,Active,98,1,0
2025-12-21T18:40:44.427260,Active,98,1,0
2025-12-21T18:40:44.475792,Active,98,1,0
2025-12-21T18:40:44.505167,Active,98,1,0
2025-12-21T18:40:44.537387,Active,98,1,0
2025-12-21T18:40:44.571044,Active,98,1,0
2025-12-21T18:40:44.608054,Active,98,1,0
2025-12-21T18:40:44.640452,Active,98,1,0
2025-12-21T18:40:44.660009,Active,98,1,0
2025-12-21T18:40:44.695573,Active,98,1,0
2025-12-21T18:40:44.728866,Active,98,1,0
2025-12-21T18:40:44.779990,Active,98,1,0
2025-12-21T18:40:44.798471,Active,98,1,0
2025-12-21T18:40:44.854683,Active,98,1,0
2025-12-21T18:40:44.875169,Active,98,1,0
2025-12-21T18:40:44.924519,Active,98,1,0
2025-12-21T18:40:44.958203,Active,98,1,0
2025-12-21T18:40:44.996328,Active,98,1,0
2025-12-21T18:40:45.032586,Active,98,1,0
2025-12-21T18:40:45.050885,Active,98,1,0
2025-12-21T18:40:45.097375,Active,98,1,0
2025-12-21T18:40:45.134504,Active,98,1,0
2025-12-21T18:40:45.163900,Active,98,1,0
2025-12-21T18:40:45.178709,Active,98,1,0
2025-12-21T18:40:45.229470,Active,98,1,0
2025-12-21T18:40:45.248398,Active,98,1,0
2025-12-21T18:40:45.298281,Active,98,1,0
2025-12-21T18:40:45.325246,Active,98,1,0
2025-12-21T18:40:45.356076,Active,98,1,0
2025-12-21T18:40:45.400487,Active,98,1,0
2025-12-21T18:40:45.440199,Active,98,1,0
2025-12-21T18:40:45.450272,Active,98,1,0
2025-12-21T18:40:45.501013,Active,98,1,0
2025-12-21T18:40:45.534808,Active,98,1,0
2025-12-21T18:40:45.569273,Active,98,1,0
2025-12-21T18:40:45.603565,Active,98,1,0
2025-12-21T18:40:45.641078,Active,98,1,0
2025-12-21T18:40:45.671061,Active,98,1,0
2025-12-21T18:40:45.706114,Active,98,1,0
2025-12-21T18:40:45.726438,Active,98,1,0
2025-12-21T18:40:45.777010,Active,98,1,0
2025-12-21T18:40:45.807845,Active,98,1,0
2025-12-21T18:40:45.828231,Active,98,1,0
2025-12-21T18:40:45.877247,Active,97,1,0
2025-12-21T18:40:45.915277,Active,97,1,0
2025-12-21T18:40:45.926143,Active,96,1,0
2025-12-21T18:40:45.956843,Active,96,1,0
2025-12-21T18:40:45.992102,Active,96,1,0
2025-12-21T18:40:46.043524,Active,96,1,0
2025-12-21T18:40:46.077327,Active,96,1,0
2025-12-21T18:40:46.110246,Active,96,1,0
2025-12-21T18:40:46.129980,Active,96,1,0
2025-12-21T18:40:46.163932,Active,96,1,0
2025-12-21T18:40:46.200723,Active,96,1,0
2025-12-21T18:40:46.235101,Active,96,1,0
2025-12-21T18:40:46.268328,Active,96,1,0
2025-12-21T18:40:46.305150,Active,96,1,0
2025-12-21T18:40:46.326781,Active,96,1,0
2025-12-21T18:40:46.375565,Active,97,1,0
2025-12-21T18:40:46.394067,Active,97,1,0
2025-12-21T18:40:46.443064,Active,97,1,0
2025-12-21T18:40:46.461871,Active,97,1,0
2025-12-21T18:40:46.515278,Active,97,1,0
2025-12-21T18:40:46.534216,Active,97,1,0
2025-12-21T18:40:46.566399,Active,97,1,0
2025-12-21T18:40:46.634648,Active,97,1,0
2025-12-21T18:40:46.684036,Active,97,1,0
2025-12-21T18:40:46.718153,Active,97,1,0
2025-12-21T18:40:46.753016,Active,97,1,0
2025-12-21T18:40:46.787448,Active,97,1,0
2025-12-21T18:40:46.811318,Active,97,1,0
2025-12-21T18:40:46.872749,Active,97,1,0
2025-12-21T18:40:46.908539,Active,97,1,0
2025-12-21T18:40:46.940193,Active,97,1,0
2025-12-21T18:40:46.976334,Active,97,1,0
2025-12-21T18:40:47.009872,Active,97,1,0
2025-12-21T18:40:47.047074,Active,97,1,0
2025-12-21T18:40:47.081813,Active,97,1,0
2025-12-21T18:40:47.116119,Active,97,1,0
2025-12-21T18:40:47.148228,Active,97,1,0
2025-12-21T18:40:47.185337,Active,97,1,0
2025-12-21T18:40:47.205111,Active,97,1,0
2025-12-21T18:40:47.209061,Active,97,1,0
2025-12-21T18:40:47.252185,Active,97,1,0
2025-12-21T18:40:47.274306,Active,97,1,0
2025-12-21T18:40:47.337024,Active,97,1,0
2025-12-21T18:40:47.370335,Active,97,1,0
2025-12-21T18:40:47.389865,Active,97,1,0
2025-12-21T18:40:47.429060,Active,97,1,0
2025-12-21T18:40:47.461455,Active,97,1,0
2025-12-21T18:40:47.512265,Active,97,1,0
2025-12-21T18:40:47.528341,Active,97,1,0
2025-12-21T18:40:47.546316,Active,97,1,0
2025-12-21T18:40:47.577018,Active,97,1,0
2025-12-21T18:40:47.627087,Active,97,1,0
2025-12-21T18:40:47.645741,Active,97,1,0
2025-12-21T18:40:47.678551,Active,97,1,0
2025-12-21T18:40:47.703504,Active,97,1,0
2025-12-21T18:40:47.753187,Active,97,1,0
2025-12-21T18:40:47.784631,Active,97,1,0
2025-12-21T18:40:47.830595,Active,97,1,0
2025-12-21T18:40:47.852845,Active,97,1,0
2025-12-21T18:40:47.902483,Active,97,1,0
2025-12-21T18:40:47.931137,Active,97,1,0
2025-12-21T18:40:47.969172,Active,97,1,0
2025-12-21T18:40:48.008268,Active,97,1,0
2025-12-21T18:40:48.043908,Active,96,1,0
2025-12-21T18:40:48.061124,Active,96,1,0
2025-12-21T18:40:48.110594,Active,96,1,0
2025-12-21T18:40:48.141969,Active,95,1,0
2025-12-21T18:40:48.180346,Active,95,1,0
2025-12-21T18:40:48.199745,Active,94,1,0
2025-12-21T18:40:48.250303,Active,94,1,0
2025-12-21T18:40:48.284119,Active,94,1,0
2025-12-21T18:40:48.318118,Active,93,1,0
2025-12-21T18:40:48.352030,Active,93,1,0
2025-12-21T18:40:48.386251,Active,93,1,0
2025-12-21T18:40:48.404600,Active,92,1,0
2025-12-21T18:40:48.454560,Active,92,1,0
2025-12-21T18:40:48.488338,Active,91,1,0
2025-12-21T18:40:48.505851,Active,91,1,0
2025-12-21T18:40:48.555217,Active,91,1,0
2025-12-21T18:40:48.573094,Active,90,1,0
2025-12-21T18:40:48.619416,Active,90,1,0
2025-12-21T18:40:48.649960,Active,90,1,0
2025-12-21T18:40:48.679397,Active,89,1,0
2025-12-21T18:40:48.730020,Active,89,1,0
2025-12-21T18:40:48.747517,Active,89,1,0
2025-12-21T18:40:48.793878,Active,88,1,0
2025-12-21T18:40:48.829808,Active,88,1,0
2025-12-21T18:40:48.848011,Active,88,1,0
2025-12-21T18:40:48.893839,Active,87,1,0
2025-12-21T18:40:48.936567,Active,87,1,0
2025-12-21T18:40:48.971182,Active,87,1,0
2025-12-21T18:40:48.989081,Active,86,1,0
2025-12-21T18:40:49.020085,Active,86,1,0
2025-12-21T18:40:49.056579,Active,86,1,0
2025-12-21T18:40:49.076780,Active,86,1,0
2025-12-21T18:40:49.111869,Active,85,1,0
2025-12-21T18:40:49.132745,Active,85,1,0
2025-12-21T18:40:49.152315,Active,85,1,0
2025-12-21T18:40:49.202752,Active,84,1,0
2025-12-21T18:40:49.236968,Active,84,1,0
2025-12-21T18:40:49.268401,Active,84,1,0
2025-12-21T18:40:49.306974,Active,83,1,0
2025-12-21T18:40:49.335437,Active,83,1,0
2025-12-21T18:40:49.371030,Active,83,1,0
2025-12-21T18:40:49.405117,Active,83,1,0
2025-12-21T18:40:49.439963,Active,83,1,0
2025-12-21T18:40:49.460112,Active,83,1,0
2025-12-21T18:40:49.478486,Active,83,1,0
2025-12-21T18:40:49.513298,Active,83,1,0
2025-12-21T18:40:49.547931,Active,83,1,0
2025-12-21T18:40:49.594081,Active,83,1,0
2025-12-21T18:40:49.612500,Active,83,1,0
2025-12-21T18:40:49.648667,Active,83,1,0
2025-12-21T18:40:49.670279,Active,83,1,0
2025-12-21T18:40:49.719573,Active,83,1,0
2025-12-21T18:40:49.755513,Active,84,1,0
2025-12-21T18:40:49.787785,Active,84,1,0
2025-12-21T18:40:49.806102,Active,84,1,0
2025-12-21T18:40:49.865154,Active,84,1,0
2025-12-21T18:40:49.884419,Active,84,1,0
2025-12-21T18:40:49.933450,Active,84,1,0
2025-12-21T18:40:49.952536,Active,84,1,0
2025-12-21T18:40:49.973905,Active,84,1,0
2025-12-21T18:40:50.008918,Active,84,1,0
2025-12-21T18:40:50.058965,Active,84,1,0
2025-12-21T18:40:50.077999,Active,84,1,0
2025-12-21T18:40:50.120284,Active,84,1,0
2025-12-21T18:40:50.156824,Active,84,1,0
2025-12-21T18:40:50.204455,Active,84,1,0
2025-12-21T18:40:50.237828,Active,84,1,0
2025-12-21T18:40:50.258055,Active,84,1,0
2025-12-21T18:40:50.307598,Active,84,1,0
2025-12-21T18:40:50.313509,Active,84,1,0
2025-12-21T18:40:50.364702,Active,84,1,0
2025-12-21T18:40:50.384217,Active,84,1,0
2025-12-21T18:40:50.433311,Active,85,1,0
2025-12-21T18:40:50.451498,Active,85,1,0
2025-12-21T18:40:50.487340,Active,85,1,0
2025-12-21T18:40:50.540084,Active,85,1,0
2025-12-21T18:40:50.573702,Active,85,1,0
2025-12-21T18:40:50.593487,Active,85,1,0
2025-12-21T18:40:50.638360,Active,85,1,0
2025-12-21T18:40:50.660945,Active,85,1,0
2025-12-21T18:40:50.710432,Active,85,1,0
2025-12-21T18:40:50.743326,Active,85,1,0
2025-12-21T18:40:50.775312,Active,85,1,0
2025-12-21T18:40:50.798930,Active,85,1,0
2025-12-21T18:40:50.816868,Active,85,1,0
2025-12-21T18:40:50.838926,Active,85,1,0
2025-12-21T18:40:50.856764,Active,85,1,0
2025-12-21T18:40:50.920671,Active,85,1,0
2025-12-21T18:40:50.971999,Active,85,1,0
2025-12-21T18:40:51.015907,Active,85,1,0
2025-12-21T18:40:51.049561,Active,85,1,0
2025-12-21T18:40:51.083210,Active,85,1,0
2025-12-21T18:40:51.116791,Active,85,1,0
2025-12-21T18:40:51.139925,Active,85,1,0
2025-12-21T18:40:51.188474,Active,85,1,0
2025-12-21T18:40:51.224706,Active,86,1,0
2025-12-21T18:40:51.259929,Active,86,1,0
2025-12-21T18:40:51.293494,Active,86,1,0
2025-12-21T18:40:51.313175,Active,86,1,0
2025-12-21T18:40:51.346283,Active,86,1,0
2025-12-21T18:40:51.370500,Active,86,1,0
2025-12-21T18:40:51.384167,Active,86,1,0
2025-12-21T18:40:51.417403,Active,86,1,0
2025-12-21T18:40:51.448183,Active,86,1,0
2025-12-21T18:40:51.481594,Active,86,1,0
2025-12-21T18:40:51.528193,Active,86,1,0
2025-12-21T18:40:51.561762,Active,86,1,0
2025-12-21T18:40:51.580017,Active,86,1,0
2025-12-21T18:40:51.614622,Active,86,1,0
2025-12-21T18:40:51.673249,Active,86,1,0
2025-12-21T18:40:51.692763,Active,86,1,0
2025-12-21T18:40:51.741476,Active,86,1,0
2025-12-21T18:40:51.760815,Active,86,1,0
2025-12-21T18:40:51.781496,Active,86,1,0
2025-12-21T18:40:51.800295,Active,86,1,0
2025-12-21T18:40:51.861863,Active,86,1,0
2025-12-21T18:40:51.864741,Active,86,1,0
2025-12-21T18:40:51.930506,Active,86,1,0
2025-12-21T18:40:51.964853,Active,86,1,0
2025-12-21T18:40:51.990201,Active,86,1,0
2025-12-21T18:40:52.009468,Active,85,1,0
2025-12-21T18:40:52.054548,Active,85,1,0
2025-12-21T18:40:52.098499,Active,85,1,0
2025-12-21T18:40:52.118256,Active,85,1,0
2025-12-21T18:40:52.142386,Active,84,1,0
2025-12-21T18:40:52.181106,Active,84,1,0
2025-12-21T18:40:52.198810,Active,84,1,0
2025-12-21T18:40:52.245949,Active,84,1,0
2025-12-21T18:40:52.264208,Active,84,1,0
2025-12-21T18:40:52.312821,Active,83,1,0
2025-12-21T18:40:52.330299,Active,83,1,0
2025-12-21T18:40:52.409615,Active,83,1,0
2025-12-21T18:40:52.429812,Active,83,1,0
2025-12-21T18:40:52.470629,Active,82,1,0
2025-12-21T18:40:52.489114,Active,82,1,0
2025-12-21T18:40:52.533982,Active,82,1,0
2025-12-21T18:40:52.557026,Active,82,1,0
2025-12-21T18:40:52.614422,Active,82,1,0
2025-12-21T18:40:52.643602,Active,81,1,0
2025-12-21T18:40:52.682874,Active,81,1,0
2025-12-21T18:40:52.716522,Active,81,1,0
2025-12-21T18:40:52.750298,Active,82,1,0
2025-12-21T18:40:52.768266,Active,82,1,0
2025-12-21T18:40:52.809758,Active,82,1,0
2025-12-21T18:40:52.860081,Active,82,1,0
2025-12-21T18:40:52.879325,Active,82,1,0
2025-12-21T18:40:52.928631,Active,82,1,0
2025-12-21T18:40:52.946098,Active,82,1,0
2025-12-21T18:40:52.981419,Active,82,1,0
2025-12-21T18:40:53.033653,Active,82,1,0
2025-12-21T18:40:53.067014,Active,82,1,0
2025-12-21T18:40:53.085187,Active,82,1,0
2025-12-21T18:40:53.135590,Active,82,1,0
2025-12-21T18:40:53.153587,Active,82,1,0
2025-12-21T18:40:53.201108,Active,82,1,0
2025-12-21T18:40:53.239670,Active,82,1,0
2025-12-21T18:40:53.274845,Active,82,1,0
2025-12-21T18:40:53.306080,Active,82,1,0
2025-12-21T18:40:53.327302,Active,82,1,0
2025-12-21T18:40:53.372860,Active,82,1,0
2025-12-21T18:40:53.394935,Active,81,1,0
2025-12-21T18:40:53.444642,Active,81,1,0
2025-12-21T18:40:53.462223,Active,81,1,0
2025-12-21T18:40:53.527609,Active,81,1,0
2025-12-21T18:40:53.546913,Active,81,1,0
2025-12-21T18:40:53.592530,Active,80,1,0
2025-12-21T18:40:53.657657,Active,80,1,0
2025-12-21T18:40:53.707767,Active,80,1,0
2025-12-21T18:40:53.747580,Active,80,1,0
2025-12-21T18:40:53.786365,Active,80,1,0
2025-12-21T18:40:53.821370,Active,79,1,0
2025-12-21T18:40:53.855005,Active,79,1,0
2025-12-21T18:40:53.874098,Active,79,1,0
2025-12-21T18:40:53.922659,Active,79,1,0
2025-12-21T18:40:53.947905,Active,79,1,0
2025-12-21T18:40:53.993426,Active,78,1,0
2025-12-21T18:40:54.026961,Active,78,1,0
2025-12-21T18:40:54.061384,Active,78,1,0
2025-12-21T18:40:54.092229,Active,78,1,0
2025-12-21T18:40:54.130821,Active,78,1,0
2025-12-21T18:40:54.148605,Active,78,1,0
2025-12-21T18:40:54.199554,Active,77,1,0
2025-12-21T18:40:54.218264,Active,77,1,0
2025-12-21T18:40:54.267980,Active,77,1,0
2025-12-21T18:40:54.287313,Active,77,1,0
2025-12-21T18:40:54.337219,Active,77,1,0
2025-12-21T18:40:54.354652,Active,76,1,0
2025-12-21T18:40:54.386063,Active,76,1,0
2025-12-21T18:40:54.408529,Active,76,1,0
2025-12-21T18:40:54.456140,Active,76,1,0
2025-12-21T18:40:54.488338,Active,76,1,0
2025-12-21T18:40:54.523482,Active,76,1,0
2025-12-21T18:40:54.549464,Active,75,1,0
2025-12-21T18:40:54.594753,Active,75,1,0
2025-12-21T18:40:54.613518,Active,75,1,0
2025-12-21T18:40:54.662307,Active,75,1,0
2025-12-21T18:40:54.667535,Active,75,1,0
2025-12-21T18:40:54.686404,Active,75,1,0
2025-12-21T18:40:54.704846,Active,74,1,0
2025-12-21T18:40:54.725916,Active,74,1,0
2025-12-21T18:40:54.760707,Active,74,1,0
2025-12-21T18:40:54.803694,Active,74,1,0
2025-12-21T18:40:54.857264,Active,74,1,0
2025-12-21T18:40:54.903720,Active,74,1,0
2025-12-21T18:40:54.924267,Active,73,1,0
2025-12-21T18:40:54.970134,Active,73,1,0
2025-12-21T18:40:55.008094,Active,73,1,0
2025-12-21T18:40:55.038522,Active,73,1,0
2025-12-21T18:40:55.071260,Active,73,1,0
2025-12-21T18:40:55.093612,Active,73,1,0
2025-12-21T18:40:55.142484,Active,72,1,0
2025-12-21T18:40:55.174521,Active,72,1,0
2025-12-21T18:40:55.210080,Active,72,1,0
2025-12-21T18:40:55.244101,Active,72,1,0
2025-12-21T18:40:55.266335,Active,72,1,0
2025-12-21T18:40:55.316234,Active,72,1,0
2025-12-21T18:40:55.336941,Active,71,1,0
2025-12-21T18:40:55.366895,Active,71,1,0
2025-12-21T18:40:55.406310,Active,71,1,0
2025-12-21T18:40:55.438953,Active,71,1,0
2025-12-21T18:40:55.478330,Active,71,1,0
2025-12-21T18:40:55.497145,Active,71,1,0
2025-12-21T18:40:55.530366,Active,71,1,0
2025-12-21T18:40:55.564920,Active,70,1,0
2025-12-21T18:40:55.601841,Active,70,1,0
2025-12-21T18:40:55.609828,Active,70,1,0
2025-12-21T18:40:55.655283,Active,70,1,0
2025-12-21T18:40:55.674617,Active,70,1,0
2025-12-21T18:40:55.721587,Active,70,1,0
2025-12-21T18:40:55.767884,Active,70,1,0
2025-12-21T18:40:55.802265,Active,69,1,0
2025-12-21T18:40:55.816692,Active,69,1,0
2025-12-21T18:40:55.866989,Active,69,1,0
2025-12-21T18:40:55.901695,Active,69,1,0
2025-12-21T18:40:55.937379,Active,69,1,0
2025-12-21T18:40:55.955690,Active,69,1,0
2025-12-21T18:40:56.005821,Active,69,1,0
2025-12-21T18:40:56.041011,Active,68,1,0
2025-12-21T18:40:56.077037,Active,68,1,0
2025-12-21T18:40:56.109729,Active,68,1,0
2025-12-21T18:40:56.148578,Active,68,1,0
2025-12-21T18:40:56.169478,Active,68,1,0
2025-12-21T18:40:56.204137,Active,68,1,0
2025-12-21T18:40:56.254313,Active,68,1,0
2025-12-21T18:40:56.285408,Active,67,1,0
2025-12-21T18:40:56.314919,Active,67,1,0
2025-12-21T18:40:56.332501,Active,67,1,0
2025-12-21T18:40:56.363086,Active,67,1,0
2025-12-21T18:40:56.398133,Active,67,1,0
2025-12-21T18:40:56.419827,Active,67,1,0
2025-12-21T18:40:56.460315,Active,67,1,0
2025-12-21T18:40:56.496706,Active,66,1,0
2025-12-21T18:40:56.545741,Active,66,1,0
2025-12-21T18:40:56.576565,Active,66,1,0
2025-12-21T18:40:56.609609,Active,66,1,0
2025-12-21T18:40:56.648674,Active,66,1,0
2025-12-21T18:40:56.683472,Active,66,1,0
2025-12-21T18:40:56.702830,Active,66,1,0
2025-12-21T18:40:56.756156,Active,66,1,0
2025-12-21T18:40:56.777660,Active,65,1,0
2025-12-21T18:40:56.811039,Active,65,1,0
2025-12-21T18:40:56.860331,Active,65,1,0
2025-12-21T18:40:56.889906,Active,65,1,0
2025-12-21T18:40:56.912830,Active,65,1,0
2025-12-21T18:40:56.968329,Active,65,1,0
2025-12-21T18:40:57.003137,Active,65,1,0
2025-12-21T18:40:57.022527,Active,64,1,0
2025-12-21T18:40:57.075138,Active,64,1,0
2025-12-21T18:40:57.093777,Active,64,1,0
2025-12-21T18:40:57.136853,Active,64,1,0
2025-12-21T18:40:57.197461,Active,64,1,0
2025-12-21T18:40:57.270814,Active,64,1,0
2025-12-21T18:40:57.301208,Active,64,1,0
2025-12-21T18:40:57.339392,Active,64,1,0
2025-12-21T18:40:57.373442,Active,63,1,0
2025-12-21T18:40:57.402163,Active,63,1,0
2025-12-21T18:40:57.431926,Active,63,1,0
2025-12-21T18:40:57.465360,Active,63,1,0
2025-12-21T18:40:57.515977,Active,63,1,0
2025-12-21T18:40:57.534089,Active,63,1,0
2025-12-21T18:40:57.568882,Active,63,1,0
2025-12-21T18:40:57.594916,Active,63,1,0
2025-12-21T18:40:57.620550,Active,63,1,0
2025-12-21T18:40:57.625787,Active,62,1,0
2025-12-21T18:40:57.683836,Active,62,1,0
2025-12-21T18:40:57.711784,Active,62,1,0
2025-12-21T18:40:57.756042,Active,62,1,0
2025-12-21T18:40:57.776937,Active,62,1,0
2025-12-21T18:40:57.821326,Active,62,1,0
2025-12-21T18:40:57.828284,Active,62,1,0
2025-12-21T18:40:57.880957,Active,62,1,0
2025-12-21T18:40:57.915557,Active,61,1,0
2025-12-21T18:40:57.934891,Active,61,1,0
2025-12-21T18:40:57.984685,Active,61,1,0
2025-12-21T18:40:58.005038,Active,61,1,0
2025-12-21T18:40:58.050986,Active,61,1,0
2025-12-21T18:40:58.074781,Active,61,1,0
2025-12-21T18:40:58.109237,Active,61,1,0
2025-12-21T18:40:58.143730,Active,61,1,0
2025-12-21T18:40:58.195108,Active,61,1,0
2025-12-21T18:40:58.212822,Active,60,1,0
2025-12-21T18:40:58.260096,Active,60,1,0
2025-12-21T18:40:58.280680,Active,60,1,0
2025-12-21T18:40:58.336000,Active,60,1,0
2025-12-21T18:40:58.360377,Active,60,1,0
2025-12-21T18:40:58.379064,Active,60,1,0
2025-12-21T18:40:58.407680,Active,60,1,0
2025-12-21T18:40:58.445086,Not Present ‚ùå,60,0,0
2025-12-21T18:40:58.476746,Not Present ‚ùå,60,0,0
2025-12-21T18:40:58.500985,Not Present ‚ùå,60,0,0
2025-12-21T18:40:58.538347,Not Present ‚ùå,60,0,0
2025-12-21T18:40:58.563541,Not Present ‚ùå,60,0,0
2025-12-21T18:40:58.605076,Not Present ‚ùå,60,0,0
2025-12-21T18:40:58.617476,Not Present ‚ùå,60,0,0
2025-12-21T18:40:58.664878,Not Present ‚ùå,60,0,0
2025-12-21T18:40:58.684334,Not Present ‚ùå,60,0,0
2025-12-21T18:40:58.727543,Not Present ‚ùå,60,0,0
2025-12-21T18:40:58.744745,Not Present ‚ùå,60,0,0
2025-12-21T18:40:58.817560,Not Present ‚ùå,60,0,0
2025-12-21T18:40:58.837211,Not Present ‚ùå,60,0,0
2025-12-21T18:40:58.871110,Not Present ‚ùå,60,0,0
2025-12-21T18:40:58.890621,Not Present ‚ùå,60,0,0
2025-12-21T18:40:58.952892,Active,60,1,0
2025-12-21T18:40:58.970493,Active,60,1,0
2025-12-21T18:40:59.010168,Active,59,1,0
2025-12-21T18:40:59.053875,Active,59,1,0
2025-12-21T18:40:59.095243,Active,59,1,0
2025-12-21T18:40:59.132054,Active,59,1,0
2025-12-21T18:40:59.163232,Active,59,1,0
2025-12-21T18:40:59.185789,Active,59,1,0
2025-12-21T18:40:59.235546,Active,59,1,0
2025-12-21T18:40:59.271954,Active,59,1,0
2025-12-21T18:40:59.289158,Not Present ‚ùå,59,0,0
2025-12-21T18:40:59.323956,Not Present ‚ùå,59,0,0
2025-12-21T18:40:59.337349,Not Present ‚ùå,59,0,0
2025-12-21T18:40:59.348991,Not Present ‚ùå,59,0,0
2025-12-21T18:40:59.408112,Not Present ‚ùå,59,0,0
2025-12-21T18:40:59.421101,Not Present ‚ùå,59,0,0
2025-12-21T18:40:59.472303,Not Present ‚ùå,59,0,0
2025-12-21T18:40:59.493221,Not Present ‚ùå,59,0,0
2025-12-21T18:40:59.544076,Not Present ‚ùå,59,0,0
2025-12-21T18:40:59.555274,Not Present ‚ùå,59,0,0
2025-12-21T18:40:59.612998,Not Present ‚ùå,59,0,0
2025-12-21T18:40:59.619353,Not Present ‚ùå,59,0,0
2025-12-21T18:40:59.675987,Not Present ‚ùå,59,0,0
2025-12-21T18:40:59.690099,Not Present ‚ùå,59,0,0
2025-12-21T18:40:59.740630,Not Present ‚ùå,59,0,0
2025-12-21T18:40:59.765184,Not Present ‚ùå,59,0,0
2025-12-21T18:40:59.800972,Not Present ‚ùå,59,0,0
2025-12-21T18:40:59.820417,Not Present ‚ùå,59,0,0
2025-12-21T18:40:59.869703,Not Present ‚ùå,59,0,0
2025-12-21T18:40:59.884033,Not Present ‚ùå,59,0,0
2025-12-21T18:40:59.950510,Not Present ‚ùå,59,0,0
2025-12-21T18:40:59.969425,Not Present ‚ùå,59,0,0
2025-12-21T18:41:00.014534,Not Present ‚ùå,59,0,0
2025-12-21T18:41:00.021189,Not Present ‚ùå,59,0,0
2025-12-21T18:41:00.071307,Not Present ‚ùå,59,0,0
2025-12-21T18:41:00.082998,Not Present ‚ùå,59,0,0
2025-12-21T18:41:00.135674,Not Present ‚ùå,59,0,0
2025-12-21T18:41:00.155033,Not Present ‚ùå,59,0,0
2025-12-21T18:41:00.202385,Not Present ‚ùå,59,0,0
2025-12-21T18:41:00.222611,Not Present ‚ùå,59,0,0
2025-12-21T18:41:00.280703,Not Present ‚ùå,59,0,0
2025-12-21T18:41:00.298760,Not Present ‚ùå,59,0,0
2025-12-21T18:41:00.345007,Not Present ‚ùå,59,0,0
2025-12-21T18:41:00.367785,Not Present ‚ùå,59,0,0
2025-12-21T18:41:00.414470,Not Present ‚ùå,59,0,0
2025-12-21T18:41:00.432400,Not Present ‚ùå,59,0,0
2025-12-21T18:41:00.475194,Not Present ‚ùå,59,0,0
2025-12-21T18:41:00.493920,Not Present ‚ùå,59,0,0
2025-12-21T18:41:00.535499,Not Present ‚ùå,59,0,0
2025-12-21T18:41:00.555709,Not Present ‚ùå,59,0,0
2025-12-21T18:41:00.603011,Not Present ‚ùå,59,0,0
2025-12-21T18:41:00.620874,Not Present ‚ùå,59,0,0
2025-12-21T18:41:00.680628,Not Present ‚ùå,59,0,0
2025-12-21T18:41:00.699812,Not Present ‚ùå,59,0,0
2025-12-21T18:41:00.743520,Not Present ‚ùå,59,0,0
2025-12-21T18:41:00.768842,Not Present ‚ùå,59,0,0
2025-12-21T18:41:00.808969,Not Present ‚ùå,59,0,0
2025-12-21T18:41:00.827976,Not Present ‚ùå,59,0,0
2025-12-21T18:41:00.875915,Not Present ‚ùå,59,0,0
2025-12-21T18:41:00.893542,Not Present ‚ùå,59,0,0
2025-12-21T18:41:00.935858,Not Present ‚ùå,59,0,0
2025-12-21T18:41:00.947045,Not Present ‚ùå,59,0,0
2025-12-21T18:41:01.001932,Not Present ‚ùå,59,0,0
2025-12-21T18:41:01.021319,Not Present ‚ùå,59,0,0
2025-12-21T18:41:01.081886,Not Present ‚ùå,59,0,0
2025-12-21T18:41:01.103109,Not Present ‚ùå,59,0,0
2025-12-21T18:41:01.145507,Not Present ‚ùå,59,0,0
2025-12-21T18:41:01.169475,Not Present ‚ùå,59,0,0
2025-12-21T18:41:01.209589,Not Present ‚ùå,59,0,0
2025-12-21T18:41:01.233912,Not Present ‚ùå,59,0,0
2025-12-21T18:41:01.271468,Not Present ‚ùå,59,0,0
2025-12-21T18:41:01.290747,Not Present ‚ùå,59,0,0
2025-12-21T18:41:01.344427,Not Present ‚ùå,59,0,0
2025-12-21T18:41:01.364642,Not Present ‚ùå,59,0,0
2025-12-21T18:41:01.415652,Not Present ‚ùå,59,0,0
2025-12-21T18:41:01.440906,Not Present ‚ùå,59,0,0
2025-12-21T18:41:01.479890,Not Present ‚ùå,59,0,0
2025-12-21T18:41:01.498942,Not Present ‚ùå,59,0,0
2025-12-21T18:41:01.548598,Not Present ‚ùå,59,0,0
2025-12-21T18:41:01.573833,Not Present ‚ùå,59,0,0
2025-12-21T18:41:01.612818,Not Present ‚ùå,59,0,0
2025-12-21T18:41:01.631272,Not Present ‚ùå,59,0,0
2025-12-21T18:41:01.677980,Not Present ‚ùå,59,0,0
2025-12-21T18:41:01.690480,Not Present ‚ùå,59,0,0
2025-12-21T18:41:01.741335,Not Present ‚ùå,59,0,0
2025-12-21T18:41:01.760218,Not Present ‚ùå,59,0,0
2025-12-21T18:41:01.817070,Not Present ‚ùå,59,0,0
2025-12-21T18:41:01.836125,Not Present ‚ùå,59,0,0
2025-12-21T18:41:01.880166,Not Present ‚ùå,59,0,0
2025-12-21T18:41:01.896911,Not Present ‚ùå,59,0,0
2025-12-21T18:41:01.949697,Not Present ‚ùå,59,0,0
2025-12-21T18:41:01.964014,Not Present ‚ùå,59,0,0
2025-12-21T18:41:02.011391,Not Present ‚ùå,59,0,0
2025-12-21T18:41:02.029712,Not Present ‚ùå,59,0,0
2025-12-21T18:41:02.073292,Not Present ‚ùå,59,0,0
2025-12-21T18:41:02.091551,Not Present ‚ùå,59,0,0
2025-12-21T18:41:02.141155,Not Present ‚ùå,59,0,0
2025-12-21T18:41:02.160708,Not Present ‚ùå,59,0,0
2025-12-21T18:41:02.226989,Not Present ‚ùå,59,0,0
2025-12-21T18:41:02.239951,Not Present ‚ùå,59,0,0
2025-12-21T18:41:02.281273,Not Present ‚ùå,59,0,0
2025-12-21T18:41:02.302391,Not Present ‚ùå,59,0,0
2025-12-21T18:41:02.349025,Not Present ‚ùå,59,0,0
2025-12-21T18:41:02.361905,Not Present ‚ùå,59,0,0
2025-12-21T18:41:02.409333,Not Present ‚ùå,59,0,0
2025-12-21T18:41:02.423605,Not Present ‚ùå,59,0,0
2025-12-21T18:41:02.475210,Not Present ‚ùå,59,0,0
2025-12-21T18:41:02.498891,Not Present ‚ùå,59,0,0
2025-12-21T18:41:02.557153,Not Present ‚ùå,59,0,0
2025-12-21T18:41:02.572848,Not Present ‚ùå,59,0,0
2025-12-21T18:41:02.616732,Not Present ‚ùå,59,0,0
2025-12-21T18:41:02.636434,Not Present ‚ùå,59,0,0
2025-12-21T18:41:02.685421,Not Present ‚ùå,59,0,0
2025-12-21T18:41:02.697191,Not Present ‚ùå,59,0,0
2025-12-21T18:41:02.744411,Not Present ‚ùå,59,0,0
2025-12-21T18:41:02.763408,Not Present ‚ùå,59,0,0
2025-12-21T18:41:02.806625,Not Present ‚ùå,59,0,0
2025-12-21T18:41:02.824471,Not Present ‚ùå,59,0,0
2025-12-21T18:41:02.880981,Not Present ‚ùå,59,0,0
2025-12-21T18:41:02.893756,Not Present ‚ùå,59,0,0
2025-12-21T18:41:02.954569,Not Present ‚ùå,59,0,0
2025-12-21T18:41:02.973897,Not Present ‚ùå,59,0,0
2025-12-21T18:41:03.020585,Not Present ‚ùå,59,0,0
2025-12-21T18:41:03.034787,Not Present ‚ùå,59,0,0
2025-12-21T18:41:03.082054,Not Present ‚ùå,59,0,0
2025-12-21T18:41:03.099937,Not Present ‚ùå,59,0,0
2025-12-21T18:41:03.145128,Not Present ‚ùå,59,0,0
2025-12-21T18:41:03.163773,Not Present ‚ùå,59,0,0
2025-12-21T18:41:03.216222,Not Present ‚ùå,59,0,0
2025-12-21T18:41:03.233411,Not Present ‚ùå,59,0,0
2025-12-21T18:41:03.284673,Active,59,1,0
2025-12-21T18:41:03.323676,Active,59,1,0
2025-12-21T18:41:03.367655,Drowsy üò¥,58,1,0
2025-12-21T18:41:03.402533,Drowsy üò¥,58,1,0
2025-12-21T18:41:03.435721,Drowsy üò¥,58,1,0
2025-12-21T18:41:03.456440,Drowsy üò¥,58,1,0
2025-12-21T18:41:03.476331,Drowsy üò¥,58,1,0
2025-12-21T18:41:03.501412,Drowsy üò¥,58,1,0
2025-12-21T18:41:03.540120,Drowsy üò¥,58,1,0
2025-12-21T18:41:03.558614,Drowsy üò¥,58,1,0
2025-12-21T18:41:03.604652,Drowsy üò¥,58,1,0
2025-12-21T18:41:03.630927,Drowsy üò¥,57,1,0
2025-12-21T18:41:03.687858,Drowsy üò¥,57,1,0
2025-12-21T18:41:03.708724,Drowsy üò¥,57,1,0
2025-12-21T18:41:03.748774,Drowsy üò¥,57,1,0
2025-12-21T18:41:03.766200,Drowsy üò¥,57,1,0
2025-12-21T18:41:03.812627,Drowsy üò¥,57,1,0
2025-12-21T18:41:03.830019,Drowsy üò¥,57,1,0
2025-12-21T18:41:03.876372,Drowsy üò¥,57,1,0
2025-12-21T18:41:03.899954,Drowsy üò¥,57,1,0
2025-12-21T18:41:03.941348,Drowsy üò¥,57,1,0
2025-12-21T18:41:03.959496,Drowsy üò¥,56,1,0
2025-12-21T18:41:04.011771,Drowsy üò¥,56,1,0
2025-12-21T18:41:04.023060,Drowsy üò¥,56,1,0
2025-12-21T18:41:04.084791,Drowsy üò¥,56,1,0
2025-12-21T18:41:04.103290,Drowsy üò¥,56,1,0
2025-12-21T18:41:04.154456,Drowsy üò¥,56,1,0
2025-12-21T18:41:04.166557,Drowsy üò¥,56,1,0
2025-12-21T18:41:04.233175,Drowsy üò¥,56,1,0
2025-12-21T18:41:04.246612,Drowsy üò¥,56,1,0
2025-12-21T18:41:04.276740,Drowsy üò¥,56,1,0
2025-12-21T18:41:04.300512,Drowsy üò¥,56,1,0
2025-12-21T18:41:04.347886,Drowsy üò¥,56,1,0
2025-12-21T18:41:04.359983,Drowsy üò¥,56,1,0
2025-12-21T18:41:04.428159,Drowsy üò¥,55,1,0
2025-12-21T18:41:04.439184,Drowsy üò¥,55,1,0
2025-12-21T18:41:04.485709,Drowsy üò¥,55,1,0
2025-12-21T18:41:04.506873,Drowsy üò¥,55,1,0
2025-12-21T18:41:04.548390,Drowsy üò¥,55,1,0
2025-12-21T18:41:04.567631,Drowsy üò¥,55,1,0
2025-12-21T18:41:04.613736,Drowsy üò¥,55,1,0
2025-12-21T18:41:04.632452,Drowsy üò¥,55,1,0
2025-12-21T18:41:04.679577,Drowsy üò¥,55,1,0
2025-12-21T18:41:04.702350,Drowsy üò¥,55,1,0
2025-12-21T18:41:04.742413,Drowsy üò¥,55,1,0
2025-12-21T18:41:04.761141,Drowsy üò¥,54,1,0
2025-12-21T18:41:04.827402,Drowsy üò¥,54,1,0
2025-12-21T18:41:04.838141,Drowsy üò¥,54,1,0
2025-12-21T18:41:04.885288,Drowsy üò¥,54,1,0
2025-12-21T18:41:04.907359,Drowsy üò¥,54,1,0
2025-12-21T18:41:04.949071,Drowsy üò¥,54,1,0
2025-12-21T18:41:04.973341,Drowsy üò¥,54,1,0
2025-12-21T18:41:05.021929,Drowsy üò¥,54,1,0
2025-12-21T18:41:05.032117,Drowsy üò¥,54,1,0
2025-12-21T18:41:05.084181,Drowsy üò¥,54,1,0
2025-12-21T18:41:05.094148,Drowsy üò¥,54,1,0
2025-12-21T18:41:05.141232,Drowsy üò¥,53,1,0
2025-12-21T18:41:05.165954,Drowsy üò¥,53,1,0
2025-12-21T18:41:05.220787,Drowsy üò¥,53,1,0
2025-12-21T18:41:05.239734,Drowsy üò¥,53,1,0
2025-12-21T18:41:05.292345,Drowsy üò¥,53,1,0
2025-12-21T18:41:05.303137,Drowsy üò¥,53,1,0
2025-12-21T18:41:05.349509,Drowsy üò¥,53,1,0
2025-12-21T18:41:05.367354,Drowsy üò¥,53,1,0
2025-12-21T18:41:05.413770,Drowsy üò¥,53,1,0
2025-12-21T18:41:05.438213,Drowsy üò¥,53,1,0
2025-12-21T18:41:05.491858,Drowsy üò¥,53,1,0
2025-12-21T18:41:05.509074,Drowsy üò¥,53,1,0
2025-12-21T18:41:05.563165,Drowsy üò¥,52,1,0
2025-12-21T18:41:05.604541,Drowsy üò¥,52,1,0
2025-12-21T18:41:05.621403,Drowsy üò¥,52,1,0
2025-12-21T18:41:05.643085,Drowsy üò¥,52,1,0
2025-12-21T18:41:05.689190,Drowsy üò¥,52,1,0
2025-12-21T18:41:05.714667,Drowsy üò¥,52,1,0
2025-12-21T18:41:05.761218,Drowsy üò¥,52,1,0
2025-12-21T18:41:05.785496,Drowsy üò¥,52,1,0
2025-12-21T18:41:05.820543,Drowsy üò¥,52,1,0
2025-12-21T18:41:05.871376,Drowsy üò¥,52,1,0
2025-12-21T18:41:05.911193,Drowsy üò¥,52,1,0
2025-12-21T18:41:05.941475,Drowsy üò¥,52,1,0
2025-12-21T18:41:05.974842,Drowsy üò¥,51,1,0
2025-12-21T18:41:05.996898,Drowsy üò¥,51,1,0
2025-12-21T18:41:06.023090,Drowsy üò¥,51,1,0
2025-12-21T18:41:06.074025,Drowsy üò¥,51,1,0
2025-12-21T18:41:06.093361,Drowsy üò¥,51,1,0
2025-12-21T18:41:06.142858,Drowsy üò¥,52,1,0
2025-12-21T18:41:06.180473,Drowsy üò¥,51,1,0
2025-12-21T18:41:06.198220,Drowsy üò¥,51,1,0
2025-12-21T18:41:06.248287,Drowsy üò¥,51,1,0
2025-12-21T18:41:06.279712,Drowsy üò¥,51,1,0
2025-12-21T18:41:06.314947,Drowsy üò¥,51,1,0
2025-12-21T18:41:06.335069,Drowsy üò¥,51,1,0
2025-12-21T18:41:06.392045,Drowsy üò¥,51,1,0
2025-12-21T18:41:06.426523,Drowsy üò¥,51,1,0
2025-12-21T18:41:06.444904,Drowsy üò¥,51,1,0
2025-12-21T18:41:06.495707,Drowsy üò¥,51,1,0
2025-12-21T18:41:06.528288,Drowsy üò¥,52,1,0
2025-12-21T18:41:06.563327,Drowsy üò¥,52,1,0
2025-12-21T18:41:06.582437,Drowsy üò¥,52,1,0
2025-12-21T18:41:06.632762,Drowsy üò¥,52,1,0
2025-12-21T18:41:06.667450,Drowsy üò¥,52,1,0
2025-12-21T18:41:06.702114,Drowsy üò¥,52,1,0
2025-12-21T18:41:06.736924,Drowsy üò¥,52,1,0
2025-12-21T18:41:06.771023,Drowsy üò¥,52,1,0
2025-12-21T18:41:06.790194,Drowsy üò¥,52,1,0
2025-12-21T18:41:06.836829,Drowsy üò¥,52,1,0
2025-12-21T18:41:06.875267,Drowsy üò¥,52,1,0
2025-12-21T18:41:06.908414,Drowsy üò¥,52,1,0
2025-12-21T18:41:06.939878,Drowsy üò¥,52,1,0
2025-12-21T18:41:06.962212,Drowsy üò¥,52,1,0
2025-12-21T18:41:06.997106,Drowsy üò¥,52,1,0
2025-12-21T18:41:07.046557,Drowsy üò¥,52,1,0
2025-12-21T18:41:07.119384,Drowsy üò¥,52,1,0
2025-12-21T18:41:07.138478,Drowsy üò¥,52,1,0
2025-12-21T18:41:07.159729,Drowsy üò¥,52,1,0
2025-12-21T18:41:07.229557,Drowsy üò¥,52,1,0
2025-12-21T18:41:07.251675,Drowsy üò¥,52,1,0
2025-12-21T18:41:07.288927,Drowsy üò¥,52,1,0
2025-12-21T18:41:07.340076,Drowsy üò¥,52,1,0
2025-12-21T18:41:07.386937,Drowsy üò¥,52,1,0
2025-12-21T18:41:07.405971,Drowsy üò¥,52,1,0
2025-12-21T18:41:07.441148,Drowsy üò¥,52,1,0
2025-12-21T18:41:07.460737,Drowsy üò¥,52,1,0
2025-12-21T18:41:07.482711,Drowsy üò¥,52,1,0
2025-12-21T18:41:07.512153,Drowsy üò¥,52,1,0
2025-12-21T18:41:07.562601,Drowsy üò¥,52,1,0
2025-12-21T18:41:07.583902,Drowsy üò¥,52,1,0
2025-12-21T18:41:07.626613,Drowsy üò¥,52,1,0
2025-12-21T18:41:07.660771,Drowsy üò¥,51,1,0
2025-12-21T18:41:07.696088,Not Present ‚ùå,51,0,0
2025-12-21T18:41:07.714385,Not Present ‚ùå,51,0,0
2025-12-21T18:41:07.761414,Not Present ‚ùå,51,0,0
2025-12-21T18:41:07.772029,Not Present ‚ùå,51,0,0
2025-12-21T18:41:07.796618,Not Present ‚ùå,51,0,0
2025-12-21T18:41:07.830678,Not Present ‚ùå,51,0,0
2025-12-21T18:41:07.850111,Not Present ‚ùå,51,0,0
2025-12-21T18:41:07.903826,Not Present ‚ùå,51,0,0
2025-12-21T18:41:07.916022,Not Present ‚ùå,51,0,0
2025-12-21T18:41:07.959474,Not Present ‚ùå,51,0,0
2025-12-21T18:41:08.036253,Not Present ‚ùå,51,0,0
2025-12-21T18:41:08.050631,Not Present ‚ùå,51,0,0
2025-12-21T18:41:08.086019,Not Present ‚ùå,51,0,0
2025-12-21T18:41:08.104474,Not Present ‚ùå,51,0,0
2025-12-21T18:41:08.151581,Not Present ‚ùå,51,0,0
2025-12-21T18:41:08.168661,Not Present ‚ùå,51,0,0
2025-12-21T18:41:08.187677,Not Present ‚ùå,51,0,0
2025-12-21T18:41:08.234419,Not Present ‚ùå,51,0,0
2025-12-21T18:41:08.253221,Not Present ‚ùå,51,0,0
2025-12-21T18:41:08.296415,Not Present ‚ùå,51,0,0
2025-12-21T18:41:08.315664,Not Present ‚ùå,51,0,0
2025-12-21T18:41:08.360848,Not Present ‚ùå,51,0,0
2025-12-21T18:41:08.430185,Not Present ‚ùå,51,0,0
2025-12-21T18:41:08.443010,Not Present ‚ùå,51,0,0
2025-12-21T18:41:08.493447,Not Present ‚ùå,51,0,0
2025-12-21T18:41:08.517136,Not Present ‚ùå,51,0,0
2025-12-21T18:41:08.569036,Not Present ‚ùå,51,0,0
2025-12-21T18:41:08.588235,Not Present ‚ùå,51,0,0
2025-12-21T18:41:08.607496,Not Present ‚ùå,51,0,0
2025-12-21T18:41:08.632816,Not Present ‚ùå,51,0,0
2025-12-21T18:41:08.652007,Not Present ‚ùå,51,0,0
2025-12-21T18:41:08.700608,Not Present ‚ùå,51,0,0
2025-12-21T18:41:08.710134,Not Present ‚ùå,51,0,0
2025-12-21T18:41:08.761660,Not Present ‚ùå,51,0,0
2025-12-21T18:41:08.825267,Not Present ‚ùå,51,0,0
2025-12-21T18:41:08.844543,Not Present ‚ùå,51,0,0
2025-12-21T18:41:08.890488,Not Present ‚ùå,51,0,0
2025-12-21T18:41:08.907527,Not Present ‚ùå,51,0,0
2025-12-21T18:41:08.926661,Not Present ‚ùå,51,0,0
2025-12-21T18:41:08.968607,Not Present ‚ùå,51,0,0
2025-12-21T18:41:08.992773,Not Present ‚ùå,51,0,0
2025-12-21T18:41:09.036762,Not Present ‚ùå,51,0,0
2025-12-21T18:41:09.055072,Not Present ‚ùå,51,0,0
2025-12-21T18:41:09.096539,Not Present ‚ùå,51,0,0
2025-12-21T18:41:09.117001,Not Present ‚ùå,51,0,0
2025-12-21T18:41:09.161508,Not Present ‚ùå,51,0,0
2025-12-21T18:41:09.224625,Not Present ‚ùå,51,0,0
2025-12-21T18:41:09.243369,Not Present ‚ùå,51,0,0
2025-12-21T18:41:09.288986,Not Present ‚ùå,51,0,0
2025-12-21T18:41:09.306148,Not Present ‚ùå,51,0,0
2025-12-21T18:41:09.325165,Not Present ‚ùå,51,0,0
2025-12-21T18:41:09.373282,Not Present ‚ùå,51,0,0
2025-12-21T18:41:09.391596,Not Present ‚ùå,51,0,0
2025-12-21T18:41:09.437314,Not Present ‚ùå,51,0,0
2025-12-21T18:41:09.443543,Not Present ‚ùå,51,0,0
2025-12-21T18:41:09.497220,Not Present ‚ùå,51,0,0
2025-12-21T18:41:09.516879,Not Present ‚ùå,51,0,0
2025-12-21T18:41:09.568046,Not Present ‚ùå,51,0,0
2025-12-21T18:41:09.633467,Not Present ‚ùå,51,0,0
2025-12-21T18:41:09.650460,Not Present ‚ùå,51,0,0
2025-12-21T18:41:09.710070,Not Present ‚ùå,51,0,0
2025-12-21T18:41:09.723144,Not Present ‚ùå,51,0,0
2025-12-21T18:41:09.742103,Not Present ‚ùå,51,0,0
2025-12-21T18:41:09.771266,Not Present ‚ùå,51,0,0
2025-12-21T18:41:09.790205,Not Present ‚ùå,51,0,0
2025-12-21T18:41:09.834933,Not Present ‚ùå,51,0,0
2025-12-21T18:41:09.851519,Not Present ‚ùå,51,0,0
2025-12-21T18:41:09.897494,Not Present ‚ùå,51,0,0
2025-12-21T18:41:09.923777,Not Present ‚ùå,51,0,0
2025-12-21T18:41:09.959823,Not Present ‚ùå,51,0,0
2025-12-21T18:41:10.028589,Not Present ‚ùå,51,0,0
2025-12-21T18:41:10.053753,Not Present ‚ùå,51,0,0
2025-12-21T18:41:10.067684,Not Present ‚ùå,51,0,0
2025-12-21T18:41:10.103525,Not Present ‚ùå,51,0,0
2025-12-21T18:41:10.122978,Not Present ‚ùå,51,0,0
2025-12-21T18:41:10.168960,Not Present ‚ùå,51,0,0
2025-12-21T18:41:10.190979,Not Present ‚ùå,51,0,0
2025-12-21T18:41:10.230679,Not Present ‚ùå,51,0,0
2025-12-21T18:41:10.243143,Not Present ‚ùå,51,0,0
2025-12-21T18:41:10.301211,Not Present ‚ùå,51,0,0
2025-12-21T18:41:10.320827,Not Present ‚ùå,51,0,0
2025-12-21T18:41:10.364850,Not Present ‚ùå,51,0,0
2025-12-21T18:41:10.423261,Not Present ‚ùå,51,0,0
2025-12-21T18:41:10.442863,Not Present ‚ùå,51,0,0
2025-12-21T18:41:10.462211,Not Present ‚ùå,51,0,0
2025-12-21T18:41:10.508106,Not Present ‚ùå,51,0,0
2025-12-21T18:41:10.520209,Not Present ‚ùå,51,0,0
2025-12-21T18:41:10.569090,Not Present ‚ùå,51,0,0
2025-12-21T18:41:10.592432,Not Present ‚ùå,51,0,0
2025-12-21T18:41:10.633045,Not Present ‚ùå,51,0,0
2025-12-21T18:41:10.652134,Not Present ‚ùå,51,0,0
2025-12-21T18:41:10.696017,Not Present ‚ùå,51,0,0
2025-12-21T18:41:10.715109,Not Present ‚ùå,51,0,0
2025-12-21T18:41:10.761333,Drowsy üò¥,51,1,0
2025-12-21T18:41:10.795886,Drowsy üò¥,51,1,0
2025-12-21T18:41:10.851466,Drowsy üò¥,51,1,0
2025-12-21T18:41:10.873597,Drowsy üò¥,51,1,0
2025-12-21T18:41:10.907362,Drowsy üò¥,51,1,0
2025-12-21T18:41:10.956414,Drowsy üò¥,51,1,0
2025-12-21T18:41:10.975341,Drowsy üò¥,51,1,0
2025-12-21T18:41:11.010318,Drowsy üò¥,51,1,0
2025-12-21T18:41:11.060922,Drowsy üò¥,51,1,0
2025-12-21T18:41:11.098435,Drowsy üò¥,51,1,0
2025-12-21T18:41:11.133398,Drowsy üò¥,51,1,0
2025-12-21T18:41:11.168282,Drowsy üò¥,51,1,0
2025-12-21T18:41:11.202914,Drowsy üò¥,50,1,0
2025-12-21T18:41:11.222858,Drowsy üò¥,50,1,0
2025-12-21T18:41:11.246187,Drowsy üò¥,50,1,0
2025-12-21T18:41:11.291658,Drowsy üò¥,50,1,0
2025-12-21T18:41:11.309827,Drowsy üò¥,50,1,0
2025-12-21T18:41:11.359359,Drowsy üò¥,50,1,0
2025-12-21T18:41:11.376712,Drowsy üò¥,50,1,0
2025-12-21T18:41:11.425447,Drowsy üò¥,50,1,0
2025-12-21T18:41:11.456066,Drowsy üò¥,50,1,0
2025-12-21T18:41:11.495593,Drowsy üò¥,50,1,0
2025-12-21T18:41:11.499891,Drowsy üò¥,50,1,0
2025-12-21T18:41:11.533166,Drowsy üò¥,50,1,0
2025-12-21T18:41:11.569292,Drowsy üò¥,50,1,0
2025-12-21T18:41:11.617539,Drowsy üò¥,50,1,0
2025-12-21T18:41:11.652298,Drowsy üò¥,50,1,0
2025-12-21T18:41:11.675917,Drowsy üò¥,49,1,0
2025-12-21T18:41:11.736636,Drowsy üò¥,49,1,0
2025-12-21T18:41:11.771728,Drowsy üò¥,49,1,0
2025-12-21T18:41:11.805355,Drowsy üò¥,49,1,0
2025-12-21T18:41:11.839895,Drowsy üò¥,49,1,0
2025-12-21T18:41:11.859451,Drowsy üò¥,49,1,0
2025-12-21T18:41:11.910146,Drowsy üò¥,49,1,0
2025-12-21T18:41:11.929079,Drowsy üò¥,49,1,0
2025-12-21T18:41:11.948162,Drowsy üò¥,49,1,0
2025-12-21T18:41:11.982156,Drowsy üò¥,49,1,0
2025-12-21T18:41:12.029065,Drowsy üò¥,49,1,0
2025-12-21T18:41:12.064302,Drowsy üò¥,49,1,0
2025-12-21T18:41:12.097557,Drowsy üò¥,49,1,0
2025-12-21T18:41:12.118167,Drowsy üò¥,49,1,0
2025-12-21T18:41:12.149407,Drowsy üò¥,48,1,0
2025-12-21T18:41:12.199617,Drowsy üò¥,48,1,0
2025-12-21T18:41:12.233618,Drowsy üò¥,48,1,0
2025-12-21T18:41:12.256371,Not Present ‚ùå,48,0,0
2025-12-21T18:41:12.298198,Not Present ‚ùå,48,0,0
2025-12-21T18:41:12.308560,Not Present ‚ùå,48,0,0
2025-12-21T18:41:12.327424,Not Present ‚ùå,48,0,0
2025-12-21T18:41:12.388631,Not Present ‚ùå,48,0,0
2025-12-21T18:41:12.401506,Not Present ‚ùå,48,0,0
2025-12-21T18:41:12.445886,Not Present ‚ùå,48,0,0
2025-12-21T18:41:12.459546,Not Present ‚ùå,48,0,0
2025-12-21T18:41:12.511102,Not Present ‚ùå,48,0,0
2025-12-21T18:41:12.529342,Not Present ‚ùå,48,0,0
2025-12-21T18:41:12.568895,Not Present ‚ùå,48,0,0
2025-12-21T18:41:12.587833,Not Present ‚ùå,48,0,0
2025-12-21T18:41:12.635688,Not Present ‚ùå,48,0,0
2025-12-21T18:41:12.656801,Not Present ‚ùå,48,0,0
2025-12-21T18:41:12.699632,Not Present ‚ùå,48,0,0
2025-12-21T18:41:12.714963,Not Present ‚ùå,48,0,0
2025-12-21T18:41:12.775267,Not Present ‚ùå,48,0,0
2025-12-21T18:41:12.800046,Not Present ‚ùå,48,0,0
2025-12-21T18:41:12.843585,Not Present ‚ùå,48,0,0
2025-12-21T18:41:12.867926,Not Present ‚ùå,48,0,0
2025-12-21T18:41:12.904093,Not Present ‚ùå,48,0,0
2025-12-21T18:41:12.914348,Not Present ‚ùå,48,0,0
2025-12-21T18:41:12.970356,Not Present ‚ùå,48,0,0
2025-12-21T18:41:12.988646,Not Present ‚ùå,48,0,0
2025-12-21T18:41:13.033143,Not Present ‚ùå,48,0,0
2025-12-21T18:41:13.047327,Not Present ‚ùå,48,0,0
2025-12-21T18:41:13.119112,Not Present ‚ùå,48,0,0
2025-12-21T18:41:13.131616,Not Present ‚ùå,48,0,0
2025-12-21T18:41:13.177212,Not Present ‚ùå,48,0,0
2025-12-21T18:41:13.201303,Not Present ‚ùå,48,0,0
2025-12-21T18:41:13.240014,Not Present ‚ùå,48,0,0
2025-12-21T18:41:13.259424,Not Present ‚ùå,48,0,0
2025-12-21T18:41:13.305847,Not Present ‚ùå,48,0,0
2025-12-21T18:41:13.323132,Not Present ‚ùå,48,0,0
2025-12-21T18:41:13.368043,Not Present ‚ùå,48,0,0
2025-12-21T18:41:13.387935,Not Present ‚ùå,48,0,0
2025-12-21T18:41:13.432397,Not Present ‚ùå,48,0,0
2025-12-21T18:41:13.451798,Not Present ‚ùå,48,0,0
2025-12-21T18:41:13.534465,Not Present ‚ùå,48,0,0
2025-12-21T18:41:13.550555,Not Present ‚ùå,48,0,0
2025-12-21T18:41:13.575506,Not Present ‚ùå,48,0,0
2025-12-21T18:41:13.595257,Not Present ‚ùå,48,0,0
2025-12-21T18:41:13.642280,Not Present ‚ùå,48,0,0
2025-12-21T18:41:13.659919,Not Present ‚ùå,48,0,0
2025-12-21T18:41:13.706826,Not Present ‚ùå,48,0,0
2025-12-21T18:41:13.725785,Not Present ‚ùå,48,0,0
2025-12-21T18:41:13.770884,Not Present ‚ùå,48,0,0
2025-12-21T18:41:13.782432,Not Present ‚ùå,48,0,0
2025-12-21T18:41:13.849682,Not Present ‚ùå,48,0,0
2025-12-21T18:41:13.868448,Not Present ‚ùå,48,0,0
2025-12-21T18:41:13.912833,Not Present ‚ùå,48,0,0
2025-12-21T18:41:13.932038,Not Present ‚ùå,48,0,0
2025-12-21T18:41:13.978418,Not Present ‚ùå,48,0,0
2025-12-21T18:41:13.989849,Not Present ‚ùå,48,0,0
2025-12-21T18:41:14.041858,Not Present ‚ùå,48,0,0
2025-12-21T18:41:14.061150,Not Present ‚ùå,48,0,0
2025-12-21T18:41:14.105447,Not Present ‚ùå,48,0,0
2025-12-21T18:41:14.125927,Not Present ‚ùå,48,0,0
2025-12-21T18:41:14.171094,Not Present ‚ùå,48,0,0
2025-12-21T18:41:14.191332,Not Present ‚ùå,48,0,0
2025-12-21T18:41:14.247716,Not Present ‚ùå,48,0,0
2025-12-21T18:41:14.266815,Not Present ‚ùå,48,0,0
2025-12-21T18:41:14.310758,Not Present ‚ùå,48,0,0
2025-12-21T18:41:14.336929,Not Present ‚ùå,48,0,0
2025-12-21T18:41:14.378007,Not Present ‚ùå,48,0,0
2025-12-21T18:41:14.405096,Not Present ‚ùå,48,0,0
2025-12-21T18:41:14.447782,Not Present ‚ùå,48,0,0
2025-12-21T18:41:14.462170,Not Present ‚ùå,48,0,0
2025-12-21T18:41:14.509474,Not Present ‚ùå,48,0,0
2025-12-21T18:41:14.525059,Not Present ‚ùå,48,0,0
2025-12-21T18:41:14.576369,Not Present ‚ùå,48,0,0
2025-12-21T18:41:14.590759,Not Present ‚ùå,48,0,0
2025-12-21T18:41:14.653111,Not Present ‚ùå,48,0,0
2025-12-21T18:41:14.671085,Not Present ‚ùå,48,0,0
2025-12-21T18:41:14.710834,Not Present ‚ùå,48,0,0
2025-12-21T18:41:14.729711,Not Present ‚ùå,48,0,0
2025-12-21T18:41:14.781380,Not Present ‚ùå,48,0,0
2025-12-21T18:41:14.800288,Not Present ‚ùå,48,0,0
2025-12-21T18:41:14.841179,Not Present ‚ùå,48,0,0
2025-12-21T18:41:14.862537,Not Present ‚ùå,48,0,0
2025-12-21T18:41:14.908674,Not Present ‚ùå,48,0,0
2025-12-21T18:41:14.926612,Not Present ‚ùå,48,0,0
2025-12-21T18:41:14.983962,Not Present ‚ùå,48,0,0
2025-12-21T18:41:15.006292,Not Present ‚ùå,48,0,0
2025-12-21T18:41:15.048320,Not Present ‚ùå,48,0,0
2025-12-21T18:41:15.062999,Not Present ‚ùå,48,0,0
2025-12-21T18:41:15.123890,Not Present ‚ùå,48,0,0
2025-12-21T18:41:15.136473,Not Present ‚ùå,48,0,0
2025-12-21T18:41:15.176201,Not Present ‚ùå,48,0,0
2025-12-21T18:41:15.195085,Not Present ‚ùå,48,0,0
2025-12-21T18:41:15.241024,Not Present ‚ùå,48,0,0
2025-12-21T18:41:15.258934,Not Present ‚ùå,48,0,0
2025-12-21T18:41:15.306763,Not Present ‚ùå,48,0,0
2025-12-21T18:41:15.315490,Not Present ‚ùå,48,0,0
2025-12-21T18:41:15.383562,Not Present ‚ùå,48,0,0
2025-12-21T18:41:15.402224,Not Present ‚ùå,48,0,0
2025-12-21T18:41:15.449324,Not Present ‚ùå,48,0,0
2025-12-21T18:41:15.468776,Not Present ‚ùå,48,0,0
2025-12-21T18:41:15.513808,Not Present ‚ùå,48,0,0
2025-12-21T18:41:15.538313,Not Present ‚ùå,48,0,0
2025-12-21T18:41:15.581665,Not Present ‚ùå,48,0,0
2025-12-21T18:41:15.607815,Not Present ‚ùå,48,0,0
2025-12-21T18:41:15.639804,Not Present ‚ùå,48,0,0
2025-12-21T18:41:15.665701,Not Present ‚ùå,48,0,0
2025-12-21T18:41:15.710193,Not Present ‚ùå,48,0,0
2025-12-21T18:41:15.728441,Not Present ‚ùå,48,0,0
2025-12-21T18:41:15.787695,Not Present ‚ùå,48,0,0
2025-12-21T18:41:15.808510,Not Present ‚ùå,48,0,0
2025-12-21T18:41:15.853083,Not Present ‚ùå,48,0,0
2025-12-21T18:41:15.866953,Not Present ‚ùå,48,0,0
2025-12-21T18:41:15.913234,Not Present ‚ùå,48,0,0
2025-12-21T18:41:15.924986,Not Present ‚ùå,48,0,0
2025-12-21T18:41:15.976922,Not Present ‚ùå,48,0,0
2025-12-21T18:41:15.995790,Not Present ‚ùå,48,0,0
2025-12-21T18:41:16.051285,Not Present ‚ùå,48,0,0
2025-12-21T18:41:16.061648,Not Present ‚ùå,48,0,0
2025-12-21T18:41:16.121277,Not Present ‚ùå,48,0,0
2025-12-21T18:41:16.138647,Not Present ‚ùå,48,0,0
2025-12-21T18:41:16.188865,Not Present ‚ùå,48,0,0
2025-12-21T18:41:16.201506,Not Present ‚ùå,48,0,0
2025-12-21T18:41:16.245747,Not Present ‚ùå,48,0,0
2025-12-21T18:41:16.264549,Not Present ‚ùå,48,0,0
2025-12-21T18:41:16.313560,Not Present ‚ùå,48,0,0
2025-12-21T18:41:16.339692,Not Present ‚ùå,48,0,0
2025-12-21T18:41:16.374594,Not Present ‚ùå,48,0,0
2025-12-21T18:41:16.394147,Not Present ‚ùå,48,0,0
2025-12-21T18:41:16.441436,Not Present ‚ùå,48,0,0
2025-12-21T18:41:16.459966,Not Present ‚ùå,48,0,0
2025-12-21T18:41:16.525108,Not Present ‚ùå,48,0,0
2025-12-21T18:41:16.550733,Not Present ‚ùå,48,0,0
2025-12-21T18:41:16.585460,Not Present ‚ùå,48,0,0
2025-12-21T18:41:16.610623,Not Present ‚ùå,48,0,0
2025-12-21T18:41:16.652896,Not Present ‚ùå,48,0,0
2025-12-21T18:41:16.666020,Not Present ‚ùå,48,0,0
2025-12-21T18:41:16.711523,Not Present ‚ùå,48,0,0
2025-12-21T18:41:16.736047,Not Present ‚ùå,48,0,0
2025-12-21T18:41:16.778755,Not Present ‚ùå,48,0,0
2025-12-21T18:41:16.795463,Not Present ‚ùå,48,0,0
2025-12-21T18:41:16.844434,Not Present ‚ùå,48,0,0
2025-12-21T18:41:16.861969,Not Present ‚ùå,48,0,0
2025-12-21T18:41:16.920703,Not Present ‚ùå,48,0,0
2025-12-21T18:41:16.945689,Not Present ‚ùå,48,0,0
2025-12-21T18:41:16.989546,Not Present ‚ùå,48,0,0
2025-12-21T18:41:17.012476,Not Present ‚ùå,48,0,0
2025-12-21T18:41:17.049295,Not Present ‚ùå,48,0,0
2025-12-21T18:41:17.068297,Not Present ‚ùå,48,0,0
2025-12-21T18:41:17.112942,Not Present ‚ùå,48,0,0
2025-12-21T18:41:17.127891,Not Present ‚ùå,48,0,0
2025-12-21T18:41:17.180286,Not Present ‚ùå,48,0,0
2025-12-21T18:41:17.205660,Not Present ‚ùå,48,0,0
2025-12-21T18:41:17.257817,Not Present ‚ùå,48,0,0
2025-12-21T18:41:17.277226,Not Present ‚ùå,48,0,0
2025-12-21T18:41:17.325082,Not Present ‚ùå,48,0,0
2025-12-21T18:41:17.329947,Not Present ‚ùå,48,0,0
2025-12-21T18:41:17.385871,Not Present ‚ùå,48,0,0
2025-12-21T18:41:17.413732,Not Present ‚ùå,48,0,0
2025-12-21T18:41:17.450402,Not Present ‚ùå,48,0,0
2025-12-21T18:41:17.468682,Not Present ‚ùå,48,0,0
2025-12-21T18:41:17.514051,Not Present ‚ùå,48,0,0
2025-12-21T18:41:17.523659,Not Present ‚ùå,48,0,0
2025-12-21T18:41:17.582991,Not Present ‚ùå,48,0,0
2025-12-21T18:41:17.597005,Not Present ‚ùå,48,0,0
2025-12-21T18:41:17.659248,Not Present ‚ùå,48,0,0
2025-12-21T18:41:17.678432,Not Present ‚ùå,48,0,0
2025-12-21T18:41:17.721152,Not Present ‚ùå,48,0,0
2025-12-21T18:41:17.739907,Not Present ‚ùå,48,0,0
2025-12-21T18:41:17.785067,Not Present ‚ùå,48,0,0
2025-12-21T18:41:17.804387,Not Present ‚ùå,48,0,0
2025-12-21T18:41:17.847215,Not Present ‚ùå,48,0,0
2025-12-21T18:41:17.865981,Not Present ‚ùå,48,0,0
2025-12-21T18:41:17.914992,Not Present ‚ùå,48,0,0
2025-12-21T18:41:17.931009,Not Present ‚ùå,48,0,0
2025-12-21T18:41:17.993098,Not Present ‚ùå,48,0,0
2025-12-21T18:41:18.015182,Not Present ‚ùå,48,0,0
2025-12-21T18:41:18.056778,Not Present ‚ùå,48,0,0
2025-12-21T18:41:18.076489,Not Present ‚ùå,48,0,0
2025-12-21T18:41:18.124050,Not Present ‚ùå,48,0,0
2025-12-21T18:41:18.142314,Not Present ‚ùå,48,0,0
2025-12-21T18:41:18.184920,Not Present ‚ùå,48,0,0
2025-12-21T18:41:18.203964,Not Present ‚ùå,48,0,0
2025-12-21T18:41:18.248176,Not Present ‚ùå,48,0,0
2025-12-21T18:41:18.274865,Not Present ‚ùå,48,0,0
2025-12-21T18:41:18.315985,Not Present ‚ùå,48,0,0
2025-12-21T18:41:18.330087,Not Present ‚ùå,48,0,0
2025-12-21T18:41:18.390422,Not Present ‚ùå,48,0,0
2025-12-21T18:41:18.408690,Not Present ‚ùå,48,0,0
2025-12-21T18:41:18.455827,Not Present ‚ùå,48,0,0
2025-12-21T18:41:18.475110,Not Present ‚ùå,48,0,0
2025-12-21T18:41:18.526589,Not Present ‚ùå,48,0,0
2025-12-21T18:41:18.538677,Not Present ‚ùå,48,0,0
2025-12-21T18:41:18.589467,Not Present ‚ùå,48,0,0
2025-12-21T18:41:18.612998,Not Present ‚ùå,48,0,0
2025-12-21T18:41:18.653896,Not Present ‚ùå,48,0,0
2025-12-21T18:41:18.668031,Not Present ‚ùå,48,0,0
2025-12-21T18:41:18.716846,Not Present ‚ùå,48,0,0
2025-12-21T18:41:18.730754,Not Present ‚ùå,48,0,0
2025-12-21T18:41:18.749735,Not Present ‚ùå,48,0,0
2025-12-21T18:41:18.795140,Not Present ‚ùå,48,0,0
2025-12-21T18:41:18.856868,Not Present ‚ùå,48,0,0
2025-12-21T18:41:18.874395,Not Present ‚ùå,48,0,0
2025-12-21T18:41:18.925747,Not Present ‚ùå,48,0,0
2025-12-21T18:41:18.938797,Not Present ‚ùå,48,0,0
2025-12-21T18:41:18.984558,Not Present ‚ùå,48,0,0
2025-12-21T18:41:19.008648,Not Present ‚ùå,48,0,0
2025-12-21T18:41:19.053061,Not Present ‚ùå,48,0,0
2025-12-21T18:41:19.072583,Not Present ‚ùå,48,0,0
2025-12-21T18:41:19.136432,Not Present ‚ùå,48,0,0
2025-12-21T18:41:19.147685,Not Present ‚ùå,48,0,0
2025-12-21T18:41:19.166567,Not Present ‚ùå,48,0,0
2025-12-21T18:41:19.192182,Not Present ‚ùå,48,0,0
2025-12-21T18:41:19.267929,Not Present ‚ùå,48,0,0
2025-12-21T18:41:19.278872,Not Present ‚ùå,48,0,0
2025-12-21T18:41:19.324820,Not Present ‚ùå,48,0,0
2025-12-21T18:41:19.345830,Not Present ‚ùå,48,0,0
2025-12-21T18:41:19.383995,Not Present ‚ùå,48,0,0
2025-12-21T18:41:19.405210,Not Present ‚ùå,48,0,0
2025-12-21T18:41:19.452537,Not Present ‚ùå,48,0,0
2025-12-21T18:41:19.473175,Not Present ‚ùå,48,0,0
2025-12-21T18:41:19.490780,Not Present ‚ùå,48,0,0
2025-12-21T18:41:19.533603,Not Present ‚ùå,48,0,0
2025-12-21T18:41:19.549646,Not Present ‚ùå,48,0,0
2025-12-21T18:41:19.590809,Not Present ‚ùå,48,0,0
2025-12-21T18:41:19.655265,Not Present ‚ùå,48,0,0
2025-12-21T18:41:19.674545,Not Present ‚ùå,48,0,0
2025-12-21T18:41:19.722816,Not Present ‚ùå,48,0,0
2025-12-21T18:41:19.741768,Not Present ‚ùå,48,0,0
2025-12-21T18:41:19.797871,Not Present ‚ùå,48,0,0
2025-12-21T18:41:19.821121,Not Present ‚ùå,48,0,0
2025-12-21T18:41:19.853415,Not Present ‚ùå,48,0,0
2025-12-21T18:41:19.871163,Not Present ‚ùå,48,0,0
2025-12-21T18:41:19.897711,Not Present ‚ùå,48,0,0
2025-12-21T18:41:19.930204,Not Present ‚ùå,48,0,0
2025-12-21T18:41:19.941227,Not Present ‚ùå,48,0,0
2025-12-21T18:41:19.993241,Not Present ‚ùå,48,0,0
2025-12-21T18:41:20.057444,Not Present ‚ùå,48,0,0
2025-12-21T18:41:20.075772,Not Present ‚ùå,48,0,0
2025-12-21T18:41:20.121463,Not Present ‚ùå,48,0,0
2025-12-21T18:41:20.140096,Not Present ‚ùå,48,0,0
2025-12-21T18:41:20.188322,Not Present ‚ùå,48,0,0
2025-12-21T18:41:20.209864,Not Present ‚ùå,48,0,0
2025-12-21T18:41:20.226255,Not Present ‚ùå,48,0,0
2025-12-21T18:41:20.271405,Not Present ‚ùå,48,0,0
2025-12-21T18:41:20.291595,Not Present ‚ùå,48,0,0
2025-12-21T18:41:20.326655,Not Present ‚ùå,48,0,0
2025-12-21T18:41:20.345653,Not Present ‚ùå,48,0,0
2025-12-21T18:41:20.397048,Not Present ‚ùå,48,0,0
2025-12-21T18:41:20.460260,Not Present ‚ùå,48,0,0
2025-12-21T18:41:20.479113,Not Present ‚ùå,48,0,0
2025-12-21T18:41:20.522920,Not Present ‚ùå,48,0,0
2025-12-21T18:41:20.531892,Not Present ‚ùå,48,0,0
2025-12-21T18:41:20.586682,Not Present ‚ùå,48,0,0
2025-12-21T18:41:20.608133,Not Present ‚ùå,48,0,0
2025-12-21T18:41:20.625051,Not Present ‚ùå,48,0,0
2025-12-21T18:41:20.667055,Not Present ‚ùå,48,0,0
2025-12-21T18:41:20.685590,Not Present ‚ùå,48,0,0
2025-12-21T18:41:20.729222,Not Present ‚ùå,48,0,0
2025-12-21T18:41:20.749813,Not Present ‚ùå,48,0,0
2025-12-21T18:41:20.793281,Not Present ‚ùå,48,0,0
2025-12-21T18:41:20.859438,Not Present ‚ùå,48,0,0
2025-12-21T18:41:20.876425,Not Present ‚ùå,48,0,0
2025-12-21T18:41:20.926966,Not Present ‚ùå,48,0,0
2025-12-21T18:41:20.944520,Not Present ‚ùå,48,0,0
2025-12-21T18:41:20.983051,Not Present ‚ùå,48,0,0
2025-12-21T18:41:21.002215,Not Present ‚ùå,48,0,0
2025-12-21T18:41:21.027423,Not Present ‚ùå,48,0,0
2025-12-21T18:41:21.062982,Not Present ‚ùå,48,0,0
2025-12-21T18:41:21.081537,Not Present ‚ùå,48,0,0
2025-12-21T18:41:21.130502,Not Present ‚ùå,48,0,0
2025-12-21T18:41:21.141445,Not Present ‚ùå,48,0,0
2025-12-21T18:41:21.191736,Not Present ‚ùå,48,0,0
2025-12-21T18:41:21.257562,Not Present ‚ùå,48,0,0
2025-12-21T18:41:21.277137,Not Present ‚ùå,48,0,0
2025-12-21T18:41:21.336247,Not Present ‚ùå,48,0,0
2025-12-21T18:41:21.369186,Not Present ‚ùå,48,0,0
2025-12-21T18:41:21.405239,Not Present ‚ùå,48,0,0
2025-12-21T18:41:21.424573,Not Present ‚ùå,48,0,0
2025-12-21T18:41:21.443118,Not Present ‚ùå,48,0,0
2025-12-21T18:41:21.470425,Not Present ‚ùå,48,0,0
2025-12-21T18:41:21.484298,Not Present ‚ùå,48,0,0
2025-12-21T18:41:21.527120,Not Present ‚ùå,48,0,0
2025-12-21T18:41:21.547058,Not Present ‚ùå,48,0,0
2025-12-21T18:41:21.595350,Not Present ‚ùå,48,0,0
2025-12-21T18:41:21.657831,Not Present ‚ùå,48,0,0
2025-12-21T18:41:21.676327,Not Present ‚ùå,48,0,0
2025-12-21T18:41:21.724906,Not Present ‚ùå,48,0,0
2025-12-21T18:41:21.739203,Not Present ‚ùå,48,0,0
2025-12-21T18:41:21.757924,Not Present ‚ùå,48,0,0
2025-12-21T18:41:21.802269,Not Present ‚ùå,48,0,0
2025-12-21T18:41:21.825017,Not Present ‚ùå,48,0,0
2025-12-21T18:41:21.863543,Not Present ‚ùå,48,0,0
2025-12-21T18:41:21.882591,Not Present ‚ùå,48,0,0
2025-12-21T18:41:21.928968,Not Present ‚ùå,48,0,0
2025-12-21T18:41:21.946712,Not Present ‚ùå,48,0,0
2025-12-21T18:41:21.993942,Not Present ‚ùå,48,0,0
2025-12-21T18:41:22.057375,Not Present ‚ùå,48,0,0
2025-12-21T18:41:22.076264,Not Present ‚ùå,48,0,0
2025-12-21T18:41:22.135972,Not Present ‚ùå,48,0,0
2025-12-21T18:41:22.155567,Not Present ‚ùå,48,0,0
2025-12-21T18:41:22.177942,Not Present ‚ùå,48,0,0
2025-12-21T18:41:22.199291,Not Present ‚ùå,48,0,0
2025-12-21T18:41:22.218683,Not Present ‚ùå,48,0,0
2025-12-21T18:41:22.266332,Not Present ‚ùå,48,0,0
2025-12-21T18:41:22.286286,Not Present ‚ùå,48,0,0
2025-12-21T18:41:22.327311,Not Present ‚ùå,48,0,0
2025-12-21T18:41:22.345450,Not Present ‚ùå,48,0,0
2025-12-21T18:41:22.391537,Not Present ‚ùå,48,0,0
2025-12-21T18:41:22.463776,Not Present ‚ùå,48,0,0
2025-12-21T18:41:22.472841,Not Present ‚ùå,48,0,0
2025-12-21T18:41:22.492215,Not Present ‚ùå,48,0,0
2025-12-21T18:41:22.535898,Not Present ‚ùå,48,0,0
2025-12-21T18:41:22.555091,Not Present ‚ùå,48,0,0
2025-12-21T18:41:22.600401,Not Present ‚ùå,48,0,0
2025-12-21T18:41:22.618213,Not Present ‚ùå,48,0,0
2025-12-21T18:41:22.664236,Not Present ‚ùå,48,0,0
2025-12-21T18:41:22.683288,Not Present ‚ùå,48,0,0
2025-12-21T18:41:22.732350,Not Present ‚ùå,48,0,0
2025-12-21T18:41:22.750915,Not Present ‚ùå,48,0,0
2025-12-21T18:41:22.791209,Not Present ‚ùå,48,0,0
2025-12-21T18:41:22.857877,Not Present ‚ùå,48,0,0
2025-12-21T18:41:22.876995,Not Present ‚ùå,48,0,0
2025-12-21T18:41:22.895325,Not Present ‚ùå,48,0,0
2025-12-21T18:41:22.939504,Not Present ‚ùå,48,0,0
2025-12-21T18:41:22.959126,Not Present ‚ùå,48,0,0
2025-12-21T18:41:22.999710,Drowsy üò¥,48,1,0
2025-12-21T18:41:23.028987,Drowsy üò¥,48,1,0
2025-12-21T18:41:23.066128,Drowsy üò¥,48,1,0
2025-12-21T18:41:23.099244,Drowsy üò¥,48,1,0
2025-12-21T18:41:23.133064,Drowsy üò¥,48,1,0
2025-12-21T18:41:23.179327,Drowsy üò¥,48,1,0
2025-12-21T18:41:23.209116,Drowsy üò¥,48,1,0
2025-12-21T18:41:23.274492,Drowsy üò¥,48,1,0
2025-12-21T18:41:23.324387,Drowsy üò¥,48,1,0
2025-12-21T18:41:23.342886,Drowsy üò¥,48,1,0
2025-12-21T18:41:23.377209,Drowsy üò¥,48,1,0
2025-12-21T18:41:23.430018,Drowsy üò¥,48,1,0
2025-12-21T18:41:23.464692,Drowsy üò¥,48,1,0
2025-12-21T18:41:23.468827,Drowsy üò¥,47,1,0
2025-12-21T18:41:23.516110,Drowsy üò¥,47,1,0
2025-12-21T18:41:23.537111,Drowsy üò¥,47,1,0
2025-12-21T18:41:23.572135,Drowsy üò¥,47,1,0
2025-12-21T18:41:23.625663,Drowsy üò¥,47,1,0
2025-12-21T18:41:23.660933,Drowsy üò¥,47,1,0
2025-12-21T18:41:23.676212,Drowsy üò¥,47,1,0
2025-12-21T18:41:23.703131,Drowsy üò¥,47,1,0
2025-12-21T18:41:23.713894,Drowsy üò¥,47,1,0
2025-12-21T18:41:23.761176,Drowsy üò¥,47,1,0
2025-12-21T18:41:23.781228,Drowsy üò¥,47,1,0
2025-12-21T18:41:23.810342,Drowsy üò¥,47,1,0
2025-12-21T18:41:23.834177,Drowsy üò¥,47,1,0
2025-12-21T18:41:23.886511,Drowsy üò¥,47,1,0
2025-12-21T18:41:23.892294,Drowsy üò¥,47,1,0
2025-12-21T18:41:23.931677,Drowsy üò¥,46,1,0
2025-12-21T18:41:23.973851,Drowsy üò¥,46,1,0
2025-12-21T18:41:23.992365,Drowsy üò¥,46,1,0
2025-12-21T18:41:24.032087,Drowsy üò¥,46,1,0
2025-12-21T18:41:24.076479,Drowsy üò¥,46,1,0
2025-12-21T18:41:24.110030,Drowsy üò¥,46,1,0
2025-12-21T18:41:24.145575,Drowsy üò¥,46,1,0
2025-12-21T18:41:24.178940,Drowsy üò¥,46,1,0
2025-12-21T18:41:24.198226,Drowsy üò¥,46,1,0
2025-12-21T18:41:24.233871,Drowsy üò¥,46,1,0
2025-12-21T18:41:24.266889,Drowsy üò¥,46,1,0
2025-12-21T18:41:24.317208,Drowsy üò¥,46,1,0
2025-12-21T18:41:24.345869,Drowsy üò¥,46,1,0
2025-12-21T18:41:24.363630,Drowsy üò¥,46,1,0
2025-12-21T18:41:24.408315,Drowsy üò¥,46,1,0
2025-12-21T18:41:24.441747,Drowsy üò¥,46,1,0
2025-12-21T18:41:24.488353,Drowsy üò¥,46,1,0
2025-12-21T18:41:24.522230,Drowsy üò¥,45,1,0
2025-12-21T18:41:24.542729,Drowsy üò¥,45,1,0
2025-12-21T18:41:24.576695,Drowsy üò¥,45,1,0
2025-12-21T18:41:24.616527,Drowsy üò¥,45,1,0
2025-12-21T18:41:24.667553,Drowsy üò¥,45,1,0
2025-12-21T18:41:24.693123,Drowsy üò¥,45,1,0
2025-12-21T18:41:24.735567,Drowsy üò¥,45,1,0
2025-12-21T18:41:24.768411,Drowsy üò¥,45,1,0
2025-12-21T18:41:24.805550,Drowsy üò¥,45,1,0
2025-12-21T18:41:24.810230,Not Present ‚ùå,45,0,0
2025-12-21T18:41:24.833754,Not Present ‚ùå,45,0,0
2025-12-21T18:41:24.870750,Not Present ‚ùå,45,0,0
2025-12-21T18:41:24.897193,Not Present ‚ùå,45,0,0
2025-12-21T18:41:24.938013,Not Present ‚ùå,45,0,0
2025-12-21T18:41:24.956684,Not Present ‚ùå,45,0,0
2025-12-21T18:41:24.998550,Not Present ‚ùå,45,0,0
2025-12-21T18:41:25.019793,Not Present ‚ùå,45,0,0
2025-12-21T18:41:25.070525,Not Present ‚ùå,45,0,0
2025-12-21T18:41:25.089094,Not Present ‚ùå,45,0,0
2025-12-21T18:41:25.134508,Not Present ‚ùå,45,0,0
2025-12-21T18:41:25.147153,Not Present ‚ùå,45,0,0
2025-12-21T18:41:25.223289,Drowsy üò¥,45,1,0
2025-12-21T18:41:25.243685,Drowsy üò¥,45,1,0
2025-12-21T18:41:25.305058,Drowsy üò¥,45,1,0
2025-12-21T18:41:25.339831,Drowsy üò¥,45,1,0
2025-12-21T18:41:25.374050,Drowsy üò¥,45,1,0
2025-12-21T18:41:25.407858,Drowsy üò¥,45,1,0
2025-12-21T18:41:25.435303,Drowsy üò¥,45,1,0
2025-12-21T18:41:25.480442,Drowsy üò¥,46,1,0
2025-12-21T18:41:25.495883,Drowsy üò¥,46,1,0
2025-12-21T18:41:25.545601,Drowsy üò¥,46,1,0
2025-12-21T18:41:25.564558,Drowsy üò¥,46,1,0
2025-12-21T18:41:25.614645,Drowsy üò¥,46,1,0
2025-12-21T18:41:25.645774,Drowsy üò¥,46,1,0
2025-12-21T18:41:25.683720,Drowsy üò¥,46,1,0
2025-12-21T18:41:25.718471,Drowsy üò¥,46,1,0
2025-12-21T18:41:25.752172,Drowsy üò¥,46,1,0
2025-12-21T18:41:25.787297,Drowsy üò¥,46,1,0
2025-12-21T18:41:25.820662,Drowsy üò¥,46,1,0
2025-12-21T18:41:25.854471,Drowsy üò¥,46,1,0
2025-12-21T18:41:25.883390,Drowsy üò¥,46,1,0
2025-12-21T18:41:25.919315,Drowsy üò¥,46,1,0
2025-12-21T18:41:25.959135,Drowsy üò¥,46,1,0
2025-12-21T18:41:25.984009,Drowsy üò¥,47,1,0
2025-12-21T18:41:26.012039,Drowsy üò¥,47,1,0
2025-12-21T18:41:26.052050,Drowsy üò¥,47,1,0
2025-12-21T18:41:26.094750,Drowsy üò¥,47,1,0
2025-12-21T18:41:26.115616,Drowsy üò¥,47,1,0
2025-12-21T18:41:26.165700,Drowsy üò¥,47,1,0
2025-12-21T18:41:26.200249,Drowsy üò¥,47,1,0
2025-12-21T18:41:26.223553,Drowsy üò¥,47,1,0
2025-12-21T18:41:26.237687,Drowsy üò¥,47,1,0
2025-12-21T18:41:26.276086,Drowsy üò¥,47,1,0
2025-12-21T18:41:26.295924,Drowsy üò¥,47,1,0
2025-12-21T18:41:26.345273,Drowsy üò¥,47,1,0
2025-12-21T18:41:26.375097,Drowsy üò¥,47,1,0
2025-12-21T18:41:26.408600,Drowsy üò¥,47,1,0
2025-12-21T18:41:26.440676,Drowsy üò¥,47,1,0
2025-12-21T18:41:26.476850,Drowsy üò¥,48,1,0
2025-12-21T18:41:26.505893,Drowsy üò¥,48,1,0
2025-12-21T18:41:26.540232,Drowsy üò¥,48,1,0
2025-12-21T18:41:26.573444,Drowsy üò¥,48,1,0
2025-12-21T18:41:26.614486,Drowsy üò¥,48,1,0
2025-12-21T18:41:26.647072,Drowsy üò¥,48,1,0
2025-12-21T18:41:26.682265,Drowsy üò¥,48,1,0
2025-12-21T18:41:26.715750,Drowsy üò¥,48,1,0
2025-12-21T18:41:26.749086,Drowsy üò¥,48,1,0
2025-12-21T18:41:26.778168,Drowsy üò¥,48,1,0
2025-12-21T18:41:26.817152,Drowsy üò¥,48,1,0
2025-12-21T18:41:26.852256,Drowsy üò¥,48,1,0
2025-12-21T18:41:26.886790,Drowsy üò¥,48,1,0
2025-12-21T18:41:26.906646,Drowsy üò¥,48,1,0
2025-12-21T18:41:26.939931,Drowsy üò¥,48,1,0
2025-12-21T18:41:26.985015,Drowsy üò¥,48,1,0
2025-12-21T18:41:27.023857,Drowsy üò¥,48,1,0
2025-12-21T18:41:27.058260,Drowsy üò¥,49,1,0
2025-12-21T18:41:27.096027,Drowsy üò¥,49,1,0
2025-12-21T18:41:27.128375,Drowsy üò¥,49,1,0
2025-12-21T18:41:27.165006,Drowsy üò¥,49,1,0
2025-12-21T18:41:27.198859,Drowsy üò¥,49,1,0
2025-12-21T18:41:27.232482,Drowsy üò¥,49,1,0
2025-12-21T18:41:27.265984,Drowsy üò¥,49,1,0
2025-12-21T18:41:27.300975,Drowsy üò¥,49,1,0
2025-12-21T18:41:27.335880,Drowsy üò¥,49,1,0
2025-12-21T18:41:27.371894,Drowsy üò¥,49,1,0
2025-12-21T18:41:27.384348,Drowsy üò¥,49,1,0
2025-12-21T18:41:27.391444,Drowsy üò¥,49,1,0
2025-12-21T18:41:27.413427,Drowsy üò¥,49,1,0
2025-12-21T18:41:27.439880,Drowsy üò¥,49,1,0
2025-12-21T18:41:27.495579,Drowsy üò¥,49,1,0
2025-12-21T18:41:27.513186,Drowsy üò¥,49,1,0
2025-12-21T18:41:27.577441,Drowsy üò¥,49,1,0
2025-12-21T18:41:27.610626,Drowsy üò¥,49,1,0
2025-12-21T18:41:27.644181,Drowsy üò¥,49,1,0
2025-12-21T18:41:27.679234,Drowsy üò¥,49,1,0
2025-12-21T18:41:27.710760,Drowsy üò¥,49,1,0
2025-12-21T18:41:27.750119,Drowsy üò¥,49,1,0
2025-12-21T18:41:27.785014,Drowsy üò¥,49,1,0
2025-12-21T18:41:27.819882,Drowsy üò¥,49,1,0
2025-12-21T18:41:27.853875,Drowsy üò¥,49,1,0
2025-12-21T18:41:27.889073,Drowsy üò¥,49,1,0
2025-12-21T18:41:27.919732,Drowsy üò¥,49,1,0
2025-12-21T18:41:27.943537,Drowsy üò¥,49,1,0
2025-12-21T18:41:27.994001,Drowsy üò¥,49,1,0
2025-12-21T18:41:28.024881,Drowsy üò¥,49,1,0
2025-12-21T18:41:28.047343,Drowsy üò¥,49,1,0
2025-12-21T18:41:28.056309,Drowsy üò¥,49,1,0
2025-12-21T18:41:28.085415,Drowsy üò¥,49,1,0
2025-12-21T18:41:28.097311,Drowsy üò¥,49,1,0
2025-12-21T18:41:28.142386,Drowsy üò¥,49,1,0
2025-12-21T18:41:28.176394,Drowsy üò¥,49,1,0
2025-12-21T18:41:28.239625,Drowsy üò¥,50,1,0
2025-12-21T18:41:28.258790,Drowsy üò¥,50,1,0
2025-12-21T18:41:28.290394,Drowsy üò¥,50,1,0
2025-12-21T18:41:28.322889,Drowsy üò¥,50,1,0
2025-12-21T18:41:28.357225,Drowsy üò¥,50,1,0
2025-12-21T18:41:28.375719,Drowsy üò¥,50,1,0
2025-12-21T18:41:28.425001,Drowsy üò¥,50,1,0
2025-12-21T18:41:28.447104,Drowsy üò¥,50,1,0
2025-12-21T18:41:28.491234,Drowsy üò¥,50,1,0
2025-12-21T18:41:28.527334,Drowsy üò¥,50,1,0
2025-12-21T18:41:28.559221,Drowsy üò¥,50,1,0
2025-12-21T18:41:28.589453,Drowsy üò¥,50,1,0
2025-12-21T18:41:28.630020,Drowsy üò¥,50,1,0
2025-12-21T18:41:28.657903,Drowsy üò¥,50,1,0
2025-12-21T18:41:28.695375,Drowsy üò¥,50,1,0
2025-12-21T18:41:28.710918,Drowsy üò¥,50,1,0
2025-12-21T18:41:28.757077,Drowsy üò¥,50,1,0
2025-12-21T18:41:28.774415,Drowsy üò¥,50,1,0
2025-12-21T18:41:28.823141,Drowsy üò¥,51,1,0
2025-12-21T18:41:28.845376,Drowsy üò¥,51,1,0
2025-12-21T18:41:28.873893,Drowsy üò¥,51,1,0
2025-12-21T18:41:28.894815,Drowsy üò¥,51,1,0
2025-12-21T18:41:28.958229,Drowsy üò¥,51,1,0
2025-12-21T18:41:28.990443,Drowsy üò¥,51,1,0
2025-12-21T18:41:29.024884,Drowsy üò¥,51,1,0
2025-12-21T18:41:29.044015,Drowsy üò¥,51,1,0
2025-12-21T18:41:29.090616,Drowsy üò¥,51,1,0
2025-12-21T18:41:29.116419,Drowsy üò¥,51,1,0
2025-12-21T18:41:29.157166,Drowsy üò¥,51,1,0
2025-12-21T18:41:29.191684,Drowsy üò¥,51,1,0
2025-12-21T18:41:29.229363,Drowsy üò¥,51,1,0
2025-12-21T18:41:29.244212,Drowsy üò¥,51,1,0
2025-12-21T18:41:29.274143,Drowsy üò¥,51,1,0
2025-12-21T18:41:29.324424,Drowsy üò¥,51,1,0
2025-12-21T18:41:29.357674,Drowsy üò¥,51,1,0
2025-12-21T18:41:29.390819,Drowsy üò¥,51,1,0
2025-12-21T18:41:29.440698,Drowsy üò¥,51,1,0
2025-12-21T18:41:29.493363,Drowsy üò¥,52,1,0
2025-12-21T18:41:29.528337,Drowsy üò¥,52,1,0
2025-12-21T18:41:29.566228,Drowsy üò¥,52,1,0
2025-12-21T18:41:29.608240,Drowsy üò¥,52,1,0
2025-12-21T18:41:29.636288,Drowsy üò¥,52,1,0
2025-12-21T18:41:29.668111,Drowsy üò¥,52,1,0
2025-12-21T18:41:29.708155,Drowsy üò¥,52,1,0
2025-12-21T18:41:29.750078,Drowsy üò¥,52,1,0
2025-12-21T18:41:29.772528,Drowsy üò¥,52,1,0
2025-12-21T18:41:29.805017,Drowsy üò¥,52,1,0
2025-12-21T18:41:29.837055,Drowsy üò¥,52,1,0
2025-12-21T18:41:29.876505,Drowsy üò¥,52,1,0
2025-12-21T18:41:29.909545,Drowsy üò¥,52,1,0
2025-12-21T18:41:29.948412,Drowsy üò¥,52,1,0
2025-12-21T18:41:29.980841,Drowsy üò¥,52,1,0
2025-12-21T18:41:30.020600,Drowsy üò¥,52,1,0
2025-12-21T18:41:30.054291,Drowsy üò¥,52,1,0
2025-12-21T18:41:30.102478,Drowsy üò¥,52,1,0
2025-12-21T18:41:30.134510,Drowsy üò¥,52,1,0
2025-12-21T18:41:30.182950,Drowsy üò¥,52,1,0
2025-12-21T18:41:30.231479,Drowsy üò¥,53,1,0
2025-12-21T18:41:30.279211,Drowsy üò¥,53,1,0
2025-12-21T18:41:30.311454,Drowsy üò¥,53,1,0
2025-12-21T18:41:30.359547,Drowsy üò¥,53,1,0
2025-12-21T18:41:30.395498,Drowsy üò¥,53,1,0
2025-12-21T18:41:30.423313,Drowsy üò¥,53,1,0
2025-12-21T18:41:30.454962,Drowsy üò¥,53,1,0
2025-12-21T18:41:30.502927,Drowsy üò¥,53,1,0
2025-12-21T18:41:30.543065,Drowsy üò¥,53,1,0
2025-12-21T18:41:30.572414,Drowsy üò¥,53,1,0
2025-12-21T18:41:30.604285,Drowsy üò¥,53,1,0
